SECTOR;MES;TITULO;NARRATIVA;OPCION_A_TXT;OPCION_A_LOGIC;OPCION_B_TXT;OPCION_B_LOGIC;OPCION_C_TXT;OPCION_C_LOGIC;OPCION_D_TXT;OPCION_D_LOGIC;Unnamed: 12;Unnamed: 13
TECH;1;La Imperfección del Lanzamiento;"Es el Día D. Lleváis 6 meses quemando caja. El backend es sólido, pero la experiencia de usuario (UX) en móviles tiene fallos visuales evidentes que pueden frustrar a los primeros usuarios. Tu competencia directa lanza su beta en 48 horas. Si esperas a arreglarlo, pierdes el ""First Mover Advantage"". Si lanzas, arriesgas tu reputación inicial.";Lanzo hoy mismo asumiendo el riesgo. La velocidad es vital en Tech. Pondré a todo el equipo a hacer soporte técnico 24/7 para compensar los fallos manualmente mientras parcheamos.;risk_propensity 3 | achievement 4 | self_efficacy 1 | emotional_stability 1 | innovativeness -1 | locus_control -2;Retraso el lanzamiento 3 semanas. Solo hay una oportunidad para causar una primera impresión. Prefiero llegar segundo con un producto excelente que primero con uno roto.;autonomy -1 | self_efficacy 2;"Lanzo una ""Beta Privada"" solo por invitación a 50 usuarios de confianza. Valido la tecnología sin exponer la marca al gran público, aunque cedo terreno mediático a la competencia.";innovativeness 3 | self_efficacy 1 | autonomy -1 | achievement -1;Lanzo solo la versión de escritorio (que funciona bien) y elimino la opción móvil temporalmente, aunque eso signifique ignorar al 60% del tráfico actual.;autonomy 3 | risk_propensity 1 | innovativeness -1 | emotional_stability 2;;
TECH;2;Dinero Tóxico vs Libertad;Queda caja para 1 mes (Runway crítico). Un Fondo de Inversión (VC) ofrece 500.000€, lo que os salvaría, pero sus condiciones son leoninas: quieren el 40% de la empresa, veto en decisiones estratégicas y sugieren reemplazar a tu co-founder técnico. La alternativa es cerrar o mendigar micro-créditos.;Firmo el acuerdo. El dinero es oxígeno y sin él morimos hoy. Ya pelearé por recuperar el control político de la empresa cuando tengamos tracción y métricas.;risk_propensity 3 | achievement 4 | self_efficacy 1 | locus_control -2 | autonomy -2;"Rechazo la oferta. Esa valoración es un insulto y no voy a traicionar a mi socio. Prefiero reducir la empresa al mínimo y sobrevivir con ""Ramen Profitability"".";autonomy 3 | emotional_stability 3 | risk_propensity 1 | achievement -1;Negocio agresivamente: Acepto su valoración y el veto, pero blindo a mi equipo fundador por contrato durante 2 años. Cedo control económico a cambio de estabilidad humana.;self_efficacy 2 | emotional_stability 2 | ambiguity_tolerance -1;Busco financiación alternativa desesperada (Friends & Family, préstamos personales). Pongo mi patrimonio personal en riesgo antes que vender mi alma al fondo.;risk_propensity 3 | self_efficacy 2 | autonomy 2 | emotional_stability -1 | locus_control -2;;
TECH;3;La Tiranía del Dato;"Lleváis meses construyendo una plataforma para conectar paseadores de perros (idea original). Las métricas son terribles: nadie paga. Sin embargo, observas que los usuarios están usando el chat interno de la App para ligar entre ellos. Tu equipo de desarrolladores ama la idea original y odiaría pivotar a una ""App de citas"".";Pivoto radicalmente a App de citas HOY. Los datos mandan y el mercado nunca se equivoca. Si el equipo no lo entiende, tendré que renovar la plantilla.;innovativeness 3 | self_efficacy 1 | achievement -1 | emotional_stability -2;Sigo con la idea original de los perros. El mercado es lento y hay que educarlo. Invierto lo que queda de marketing en explicar mejor nuestra propuesta de valor.;innovativeness 2 | self_efficacy 1 | risk_propensity -1 | achievement -1;Mantengo los dos productos en paralelo. Uso la funcionalidad de citas para atraer tráfico y trato de reconvertirlos al negocio de paseadores. No quiero cerrar puertas.;innovativeness 3 | self_efficacy 1 | achievement -1;Vendo la tecnología desarrollada a una empresa de mascotas establecida y uso ese capital para empezar otro proyecto diferente desde cero. Salida digna.;autonomy 3 | emotional_stability 2 | achievement 2 | innovativeness -1;;
TECH;4;El Genio Destructivo;"Tu CTO (Director Técnico) es un genio absoluto, el mejor programador que has visto. Pero su actitud es tóxica: humilla a los juniors, no documenta nada y crea mal ambiente. Hoy, el Lead Developer te ha dado un ultimátum: ""O se va él, o nos vamos nosotros tres"". Sin el CTO, el producto podría caerse mañana.";Despido al CTO inmediatamente. La cultura es lo único que no se puede arreglar con código. Asumo el caos técnico temporal para salvar el equipo.;self_efficacy 2 | risk_propensity 2 | locus_control -2 | ambiguity_tolerance -1;"Mantengo al CTO pero lo aíslo. Le creo un puesto de ""Chief Architect"" sin gente a su cargo, trabajando solo desde casa. Retengo su cerebro pero protejo al equipo.";autonomy 3 | innovativeness -1 | emotional_stability 2;Intento mediar una última vez. Contrato un coach ejecutivo para el CTO y le doy 30 días de prueba. Perder su talento técnico sería un suicidio ahora mismo.;ambiguity_tolerance 3 | risk_propensity -1 | emotional_stability 2;"Me pongo del lado del CTO. En una startup de alto rendimiento necesitamos ""Navy Seals"", no gente que se ofenda fácil. Dejo que se vayan los juniors.";achievement 4 | emotional_stability -3;;
TECH;5;La Ética del Crecimiento;"El crecimiento de usuarios se ha estancado. Tu Head of Growth ha desarrollado un ""bot"" que extrae emails de LinkedIn masivamente y los inscribe en vuestra newsletter sin permiso. Es ilegal (GDPR), pero las pruebas dicen que duplicaría vuestra base de usuarios en un mes. Los inversores piden crecimiento ya.";Doy luz verde al bot. En la guerra y en las startups, la velocidad justifica los medios. Ya pediremos perdón o pagaremos la multa cuando seamos gigantes.;risk_propensity 3 | achievement 4 | self_efficacy 1 | locus_control -2 | emotional_stability -2;Lo prohíbo terminantemente. La reputación de la marca es sagrada y no quiero construir un unicornio sobre cimientos de spam. Creceremos lento pero legal.;emotional_stability 3 | ambiguity_tolerance 2 | risk_propensity -2 | autonomy 1;"Busco un punto medio ""gris"". Usamos los datos para hacer campañas de retargeting en redes sociales (menos intrusivo) en lugar de spam directo al email.";innovativeness 2 | self_efficacy 1 | risk_propensity 1 | achievement -1;"Subcontrato a una agencia externa que ""garantiza leads"" sin preguntar cómo lo hacen. Si hay problemas legales, la culpa será suya, no nuestra.";locus_control -2;;
TECH;6;Colapso en Black Friday;Es Black Friday. El tráfico se dispara x10. La base de datos colapsa y la web se cae. Estás perdiendo 1.000€ por minuto. Twitter arde con clientes furiosos. Tu equipo técnico está en pánico, bloqueado y mirándote con terror. No tienes solución técnica inmediata.;Tomo el mando autocrático. Entro en la sala de servidores (o Zoom), asigno tareas cortas y precisas a gritos si es necesario para desbloquear la parálisis. Acción pura.;self_efficacy 2 | risk_propensity 2 | emotional_stability 1 | ambiguity_tolerance -1 | locus_control -2;Mantengo la calma zen. Les traigo comida, les digo que respiren y que prioricen recuperar solo el proceso de pago, ignorando el resto. Transmito seguridad.;autonomy 3 | self_efficacy 1 | ambiguity_tolerance 2 | innovativeness -1;Salgo a dar la cara públicamente. Grabo un video sincero explicando que hemos muerto de éxito y ofreciendo descuentos futuros. Gano tiempo con transparencia.;self_efficacy 2 | emotional_stability 3 | risk_propensity 1 | ambiguity_tolerance -1;Llamo de urgencia a una consultora de sistemas de élite para que nos rescaten, pagando una tarifa de urgencia desorbitada. Reconozco que esto nos supera.;emotional_stability 3 | self_efficacy 1 | innovativeness 2 | risk_propensity -1 | achievement -1;;
TECH;7;La Oferta de Compra (Exit);"Google (o un gigante similar) te llama. Ofrecen 10 Millones de euros por tu startup. Te quedarían 4M€ limpios a ti. Es la libertad financiera de por vida. Pero sabes que su intención es cerrar tu producto y quedarse solo con los ingenieros (""Acqui-hire""). Tu sueño de cambiar el mundo muere si vendes.";Vendo. La estadística dice que el 90% de startups fracasan. Aseguro mi futuro y el de mi familia. Con 4M€ podré fundar otra cosa después con calma.;locus_control 3 | achievement 3 | emotional_stability -1;Rechazo la oferta. Valemos mucho más y tengo una misión que cumplir. No he llegado hasta aquí para ser un empleado de Google. Vamos a por los 100M€.;achievement 4 | risk_propensity 3 | self_efficacy 1 | emotional_stability -1 | locus_control -2;"Intento negociar una venta parcial o una cláusula de permanencia del producto, sabiendo que eso podría hacer que retiren la oferta por ser ""problemático"".";self_efficacy 2 | risk_propensity 1 | ambiguity_tolerance 1 | achievement -1;Pido el doble (20M€) para poner a prueba su interés. Si pagan esa locura, vendo. Si no, sigo. Juego al póker con mi futuro.;innovativeness 2 | emotional_stability 2 | self_efficacy 1 | achievement -1;;
TECH;8;Deuda Técnica vs Venta;"Para cerrar un contrato vital con una multinacional, exigen una funcionalidad compleja para la semana que viene. Tu equipo dice que es imposible hacerla bien: habría que hacer una ""chapuza"" (hardcode) que desestabilizará todo el sistema en 3 meses. Si no aceptas, pierdes el contrato y el bonus anual.";Ordeno hacer la chapuza. La prioridad es cerrar la venta y asegurar la caja. Ya nos preocuparemos de arreglar el código (refactorizar) el trimestre que viene.;achievement 4 | risk_propensity 2 | self_efficacy 1 | emotional_stability -1 | locus_control -2;Rechazo la exigencia. La integridad del producto es lo primero. Si el cliente no puede esperar a que se desarrolle bien, no es el cliente adecuado.;innovativeness 3 | self_efficacy 1 | achievement -1;"Vendo la funcionalidad como un ""desarrollo a medida"" aparte, cobrando 5 veces más para contratar a un equipo externo que lo haga sin tocar nuestro núcleo.";innovativeness 3 | self_efficacy 1 | achievement -1 | emotional_stability -1;Prometo que estará lista (mintiendo) para firmar el contrato, y luego pongo excusas técnicas para retrasar la entrega mientras lo desarrollamos bien.;risk_propensity 2 | self_efficacy 1 | emotional_stability -1 | locus_control -2;;
TECH;9;El Gigante te Copia;Te despiertas con la noticia: Amazon acaba de lanzar un producto idéntico al tuyo. Es gratis y está integrado en su ecosistema Prime. Tus inversores te llaman en pánico preguntando qué vas a hacer. Tu producto cuesta 10€/mes.;Pivoto a un nicho ultra-específico donde Amazon no pueda entrar por ser demasiado generalista. Nos convertimos en la herramienta para expertos, no para masas.;innovativeness 3 | ambiguity_tolerance 2 | self_efficacy 1 | achievement -1;Mantengo el rumbo. Nuestra ventaja es la atención al cliente y la comunidad, cosas que Amazon no tiene. Ignoro el ruido y sigo ejecutando el plan.;self_efficacy 2 | achievement 4 | emotional_stability 2 | ambiguity_tolerance -1;"Inicio una campaña de PR agresiva: ""David contra Goliat"". Denuncio sus prácticas monopólicas y apelo a la ética de los usuarios para que nos apoyen.";self_efficacy 2 | risk_propensity 2 | ambiguity_tolerance -1 | locus_control -2;Busco fusionarme con otro competidor mediano. Solos no podemos sobrevivir, pero juntos quizás tengamos volumen suficiente para resistir.;self_efficacy 2 | achievement 4 | autonomy -2;;
TECH;10;La Mentira Piadosa;Tienes que enviar el reporte mensual a los inversores. Las métricas clave (retención) han caído, pero los registros han subido por una campaña de pago. Si muestras la retención real, podrían congelar la siguiente ronda de financiación que necesitas para pagar nóminas.;"Maquillo el informe. Destaco los registros en verde gigante y omito/escondo la gráfica de retención en un anexo confuso. ""Fake it till you make it"".";risk_propensity 3 | self_efficacy 1 | locus_control -2 | emotional_stability -3;Envío los datos reales con un análisis brutalmente honesto de por qué fallamos y un plan de acción detallado para corregirlo en 30 días.;emotional_stability 3 | risk_propensity 2 | self_efficacy 1 | locus_control -2 | achievement -1;Cambio la forma de calcular la métrica (de retención diaria a mensual) para que el gráfico parezca positivo sin mentir técnicamente.;innovativeness 2 | self_efficacy 1 | emotional_stability -1 | achievement -1;"Retraso el envío del informe con excusas técnicas (""problemas con la migración de datos"") esperando tener mejores números la semana que viene.";ambiguity_tolerance 1 | achievement -1;;
TECH;11;Guerra Remota;"Tu equipo de desarrollo, tras la pandemia, exige trabajar 100% en remoto desde cualquier lugar. Tú sientes que la innovación se ha frenado y que falta ""roce"" y pizarra. Quieres volver a la oficina (híbrido), pero amenazan con irse a la competencia si les obligas.";Impongo el modelo híbrido (3 días oficina). La cultura y la creatividad son innegociables. Si se van, contrataré a gente que valore el contacto humano.;self_efficacy 2 | risk_propensity 2 | locus_control -2 | innovativeness -2;"Cedo totalmente. Nos convertimos en ""Remote First"". Ahorro en oficinas y accedo a talento global, aunque tenga que aprender a gestionar asíncronamente.";innovativeness 3 | ambiguity_tolerance 2 | self_efficacy 1 | achievement -1;Contrato solo a juniors locales para la oficina y mantengo a los seniors en remoto, creando dos niveles de empleados (aunque genere resentimiento).;autonomy 3 | self_efficacy 1 | innovativeness -1;Instalo software de monitorización para asegurar la productividad remota, permitiendo el teletrabajo pero bajo vigilancia estricta.;emotional_stability -2;;
TECH;12;La Nómina o el Crédito;Final de mes. El cliente grande se ha retrasado en el pago. Faltan 20.000€ para cubrir las nóminas. El banco no te da crédito a la empresa porque ya estás al límite. Tienes ahorros personales para tu futura casa, pero si los pones, podrías perderlos.;Pongo mis ahorros personales. Mi equipo come antes que yo. Es mi responsabilidad como fundador y creo en el proyecto lo suficiente para doblar la apuesta.;risk_propensity 3 | self_efficacy 1 | locus_control -2 | emotional_stability -1;Reúno al equipo, explico la situación con transparencia y les pido que esperen 15 días a cobrar, ofreciendo un bonus o stock options por las molestias.;self_efficacy 2 | ambiguity_tolerance 3 | achievement -1;Dejo de pagar a proveedores y a la Seguridad Social este mes (con recargo) para pagar las nóminas netas. Priorizo al equipo frente al Estado.;risk_propensity 2 | emotional_stability 2 | self_efficacy 1 | achievement -1 | locus_control -2;Despido a las 2 personas menos productivas hoy mismo para reducir la carga salarial y poder pagar al resto. Es una decisión de supervivencia.;locus_control 3 | achievement 3 | emotional_stability -2;;
TECH;13;El Síndrome del Objeto Brillante;"Estáis desarrollando un SaaS de logística aburrido pero útil. De repente, la IA Generativa explota. Todo el equipo quiere dejar lo que hace y ""meter IA"" al producto, aunque no tenga mucho sentido. Sientes que perdéis el foco, pero temes parecer obsoleto.";"Mantengo el rumbo fijo. ""Somos logística, no ciencia ficción"". Prohíbo distracciones y exijo terminar el roadmap actual antes de mirar cosas nuevas.";achievement 4 | emotional_stability -1;Pivoto parcialmente. Dedico un 20% del tiempo del equipo a explorar cómo la IA puede mejorar nuestro producto real, canalizando el entusiasmo sin romper el foco.;emotional_stability 3 | self_efficacy 2 | innovativeness 3 | risk_propensity -1 | achievement -1;"Lanzo una ""feature"" de IA falsa (marketing) o muy básica solo para parecer modernos ante inversores, sin cambiar el producto real.";autonomy 3 | innovativeness -1 | emotional_stability 2;Nos volcamos en la IA. Si la tecnología cambia, nosotros también. Paralizo el desarrollo actual para integrar modelos de lenguaje en todo.;risk_propensity 3 | innovativeness 3 | self_efficacy 1 | emotional_stability -1 | achievement -1 | locus_control -2;;
TECH;14;Unit Economics Negativos;"Te das cuenta de que pierdes 5€ por cada cliente que captas. Los inversores dicen que ""ya rentabilizaremos cuando tengamos escala"". Tú sientes que estás cavando un agujero cada vez más hondo. Tienes dinero para aguantar 6 meses así.";Cambio el modelo de negocio hoy. Subo precios o recorto costes drásticamente. Prefiero tener 10 clientes rentables que 1.000 que me arruinan.;risk_propensity 3 | self_efficacy 1 | locus_control -2 | achievement -1;"Sigo acelerando. Confío en que la ""economía de escala"" y la viralidad bajarán los costes de captación a futuro. Es el juego de Venture Capital.";ambiguity_tolerance 3 | risk_propensity 3 | self_efficacy 1 | achievement -1 | locus_control -2;Busco formas de monetizar los datos de los usuarios o añadir publicidad para cubrir ese déficit, aunque empeore la experiencia de usuario.;innovativeness 3 | self_efficacy 1 | achievement -1;Preparo la empresa para una venta rápida (Exit) antes de que el mercado se dé cuenta de que los números no cuadran a largo plazo.;autonomy 3 | innovativeness 2 | self_efficacy 1 | emotional_stability -1 | achievement -1;;
TECH;15;Chantaje Digital;"Un hacker ""ético"" te escribe. Ha encontrado un agujero de seguridad brutal en tu web por donde se ven datos de usuarios. Pide 10.000€ en Bitcoin para decirte cómo cerrarlo y no hacerlo público. Legalmente no deberías pagar, pero si se filtra, es el fin.";Pago los 10.000€. Es un chantaje, pero el coste de una filtración pública es la muerte de la empresa. Lo soluciono en silencio y paso página.;achievement 4 | emotional_stability -1;No negocio con terroristas. Cierro la web temporalmente, contrato expertos para encontrar el fallo y denuncio al hacker a la policía, asumiendo el riesgo de filtración.;emotional_stability 3 | risk_propensity 3 | self_efficacy 1 | achievement -1 | locus_control -2;Intento contratar al hacker. Le ofrezco un puesto de trabajo y un bonus de bienvenida si nos ayuda a blindar el sistema. Transformo la amenaza en recurso.;innovativeness 3 | risk_propensity 2 | self_efficacy 1 | achievement -1 | locus_control -2;Ignoro el mensaje y rezo para que sea un farol, mientras pongo a mi equipo a revisar el código frenéticamente.;ambiguity_tolerance 1 | achievement -1;;
TECH;16;Amigos y Negocios;Tu co-fundador y mejor amigo está rindiendo muy por debajo de lo necesario. El equipo lo nota y te pide que hagas algo. Él está pasando por un divorcio complicado y está depresivo. La empresa está en un momento crítico de ejecución.;Le aparto de la operativa temporalmente. Le doy una baja pagada para que se recupere, asumiendo yo su carga de trabajo. La amistad va antes que el negocio.;emotional_stability 3 | risk_propensity -1;"Tengo la ""charla difícil"". Le digo que si no puede rendir al 100% ahora mismo, debe dar un paso al lado o reducir su participación (equity). El negocio no espera.";self_efficacy 2 | emotional_stability 2 | ambiguity_tolerance -1;Le cubro las espaldas ante el equipo, inventando excusas sobre su trabajo estratégico. Intento ganar tiempo esperando que se recupere pronto.;ambiguity_tolerance 1 | achievement -1;Propongo vender la empresa o buscar un CEO externo. Si mi socio no funciona, el proyecto original ya no tiene sentido para mí.;innovativeness 3 | self_efficacy 1 | achievement -1;;
TECH;17;Burnout del Fundador;Llevas 2 años trabajando 14 horas al día. Tienes ansiedad, insomnio y tu pareja te ha dado un ultimátum. La empresa va bien, pero tú sientes que vas a colapsar. Acaba de entrar una ronda de inversión y esperan que aceleres.;Contrato a un COO (Director de Operaciones) potente para delegar el día a día, aunque me cueste mucho dinero y tenga que ceder poder de decisión.;self_efficacy 2 | emotional_stability 3 | ambiguity_tolerance 2 | achievement -1;Sigo empujando. El éxito requiere sacrificio. Tomo suplementos, voy a terapia y le pido paciencia a mi pareja. No puedo frenar ahora que tenemos gasolina.;ambiguity_tolerance 3 | achievement 4 | risk_propensity -1 | emotional_stability 2;Me tomo un mes sabático repentino. Dejo al equipo al mando y desaparezco a la montaña. Si la empresa no sobrevive un mes sin mí, es que no vale nada.;autonomy 3 | risk_propensity 3 | emotional_stability 3 | ambiguity_tolerance 2 | self_efficacy 1 | innovativeness -1 | locus_control -2;Vendo mi parte en secundario a los inversores y me salgo. La salud mental es lo primero, prefiero ser un ex-fundador vivo que un CEO rico y enfermo.;emotional_stability 3 | risk_propensity -1 | autonomy 1;;
TECH;18;La Zona Gris Legal;Vuestra nueva funcionalidad bordea la legalidad (tipo Uber o Airbnb al principio). Los abogados dicen que hay un 50% de riesgo de multa millonaria, pero si funciona, seréis líderes indiscutibles del mercado.;"Lanzamos. ""Pedir perdón es mejor que pedir permiso"". Innovar siempre implica pisar líneas rojas. Asumimos el riesgo y guardamos dinero para multas.";risk_propensity 3 | innovativeness 3 | autonomy 3 | self_efficacy 1 | emotional_stability -1 | achievement -1 | locus_control -2;No lanzamos hasta tener seguridad jurídica. Adaptamos el producto para que sea 100% legal, aunque sea menos atractivo y más lento de usar.;achievement -1;"Hacemos lobby. Me reúno con políticos y reguladores para intentar cambiar la norma antes de lanzar, o conseguir un ""sandbox"" de pruebas.";self_efficacy 2 | ambiguity_tolerance 2 | innovativeness 2 | achievement -1;Lanzamos a través de una sociedad filial o en un mercado extranjero con leyes laxas para probar sin contaminar la empresa matriz.;innovativeness 3 | self_efficacy 1 | achievement -1;;
TECH;19;Guerra de Reviews;Un competidor ha organizado un ataque de bots para poner cientos de reseñas de 1 estrella en vuestra App Store, hundiendo vuestra media. Las ventas caen en picado. Apple/Google tardan semanas en responder.;Respondo públicamente con datos, exponiendo el ataque y pidiendo a nuestra comunidad real que nos apoye con reviews de 5 estrellas. Guerra abierta.;emotional_stability 3 | risk_propensity -1 | autonomy 1;"Compro 500 reviews falsas positivas para contrarrestar. ""Fuego contra fuego"". Es una medida de supervivencia sucia pero necesaria.";risk_propensity 2 | self_efficacy 1 | locus_control -2 | emotional_stability -3;Espero a la resolución oficial de la plataforma. No entro en el juego sucio ni molesto a mis usuarios. Confío en el sistema.;ambiguity_tolerance 3 | achievement -1;Cambio el nombre de la App o lanzo una nueva ficha (rebranding) para empezar de cero, abandonando la marca dañada.;innovativeness 3 | self_efficacy 1 | ambiguity_tolerance -1 | achievement -1;;
TECH;20;Talento vs Lealtad;Tu Ingeniero Principal, que lleva contigo desde el garaje, se ha quedado técnicamente obsoleto. La empresa ha crecido y su código es un lastre. Has encontrado a una candidata externa brillante que podría arreglarlo todo, pero tendrías que despedir a tu leal ingeniero.;Le despido con una indemnización generosa y una carta de recomendación increíble. La empresa necesita otro perfil y mi deber es con el futuro, no con el pasado.;achievement 3 | emotional_stability -2;Le mantengo por lealtad, pero contrato a la experta como su jefa. Espero que él acepte el rol secundario o se vaya por su cuenta.;emotional_stability 3 | ambiguity_tolerance 2 | risk_propensity -1;Le ofrezco un puesto diferente (Gestión, Cultura, Formación) donde no toque código crítico. Intento reciclarlo dentro de la casa.;emotional_stability 3 | innovativeness 2 | self_efficacy 1 | risk_propensity -1 | achievement -1;No contrato a la experta. Prefiero pagarle cursos de formación a mi ingeniero actual y darle tiempo para ponerse al día. Invierto en él.;ambiguity_tolerance 3 | risk_propensity -1 | emotional_stability 2;;
TECH;21;El Ego del Fundador;"Te han dado un premio prestigioso ""30 under 30"". Te invitan a conferencias y fiestas. Empiezas a pasar más tiempo en eventos de networking y marca personal que en la oficina. El equipo empieza a hacer bromas sarcásticas sobre tu ""fama"".";Corto de raíz la agenda pública. Cancelo charlas y vuelvo a sentarme con el equipo a trabajar. El mejor marketing es un buen producto, no mi cara.;emotional_stability 3 | achievement 4 | risk_propensity -1;"Aprovecho el tirón. Mi marca personal atrae inversores y talento. Delego el trabajo operativo y asumo el rol de ""Embajador"" de la empresa a tiempo completo.";self_efficacy 2 | locus_control 3 | autonomy 2 | ambiguity_tolerance -1;Intento llevarme al equipo a los eventos y darles protagonismo a ellos en las entrevistas para repartir el mérito y calmar los ánimos.;self_efficacy 2 | emotional_stability 3 | ambiguity_tolerance -1;Ignoro las críticas. Son celos. Mi trabajo ha evolucionado y ellos no entienden que las relaciones públicas son trabajo real.;self_efficacy 1 | ambiguity_tolerance -1;;
TECH;22;Código Abierto (Open Source);"Vuestro producto usa una librería de código abierto mantenida por voluntarios. Habéis construido una mejora propietaria increíble sobre ella. La comunidad os pide que la liberéis. Si lo hacéis, perdéis vuestra ventaja competitiva. Si no, quedáis como unos ""aprovechados"".";No liberamos nada. Somos una empresa, no una ONG. Nuestra propiedad intelectual (IP) es lo que nos da valor y protege los sueldos.;achievement 4 | emotional_stability -1;Liberamos el código. Creemos en el karma y en que la comunidad mejorará nuestro código aún más. Nuestra ventaja debe ser la ejecución, no el secreto.;self_efficacy 2 | risk_propensity 2 | ambiguity_tolerance -1 | locus_control -2;"Liberamos una versión ""Lite"" o antigua de la mejora, guardándonos la parte ""Premium"" para nosotros. Una solución política para quedar bien.";innovativeness 3 | self_efficacy 2 | achievement -1;Patrocinamos económicamente a los mantenedores de la librería original con donaciones mensuales para compensar nuestra falta de contribución de código.;innovativeness 2 | self_efficacy 1 | achievement -1;;
TECH;23;El Becario Genio;Un becario de 19 años propone una idea radical que cambia vuestro modelo de negocio. Tu ego de fundador se siente amenazado porque desmonta tu visión original. Si le haces caso, admites que estabas equivocado durante 2 años.;"Adopto la idea inmediatamente y nombro al becario ""Product Lead"" de esa nueva línea. Las mejores ideas ganan, vengan de donde vengan.";emotional_stability 3 | innovativeness 3 | self_efficacy 1 | risk_propensity -1 | achievement -1;"Integro la idea como una ""evolución"" de mi plan original, quitándole importancia al cambio para salvar mi reputación ante los inversores.";innovativeness 2 | self_efficacy 1 | emotional_stability -1 | achievement -1;Rechazo la idea. Es brillante sobre el papel, pero el becario no tiene experiencia real de mercado. Seguimos con mi plan validado por la experiencia.;ambiguity_tolerance 1;Le ofrezco mentoría para que desarrolle esa idea fuera de la empresa como un spin-off, invirtiendo yo personalmente en él.;innovativeness 3 | self_efficacy 1 | achievement -1;;
TECH;24;Error de Facturación;Un error en vuestro software ha cobrado de menos a los clientes durante 6 meses. Habéis perdido 100.000€. Legalmente podéis reclamar ese dinero retroactivamente, pero enfadaréis a todos vuestros usuarios.;Reclamamos el dinero. Es un error legítimo y la empresa necesita esos fondos. Enviamos un email explicando el fallo y pasando el cargo.;emotional_stability 3 | achievement 4 | risk_propensity 2 | self_efficacy 1 | innovativeness -1 | locus_control -2;Asumimos la pérdida. Fue nuestro error y el cliente no debe pagar por nuestra incompetencia. Lo tomamos como coste de marketing/fidelización.;locus_control 3 | innovativeness 3 | self_efficacy 1 | emotional_stability -1 | achievement -1;Cobramos solo a las grandes empresas que pueden asumirlo y perdonamos a los usuarios pequeños. Una solución tipo Robin Hood.;autonomy 3 | innovativeness -1 | emotional_stability 2;Despido al responsable de QA (Calidad) que dejó pasar el error para dar ejemplo de que la incompetencia tiene consecuencias.;locus_control -2;;
TECH;25;Troll de Twitter;"Un influencer tecnológico con 500k seguidores dice en Twitter que vuestro producto es ""basura sobrevalorada"". El tweet se hace viral.";Respondo con un hilo de datos técnicos y pruebas de rendimiento, desmontando sus argumentos punto por punto, dejándolo en ridículo.;self_efficacy 2 | ambiguity_tolerance -1;Le invito públicamente a nuestras oficinas para que pruebe el producto con nuestros ingenieros y nos dé feedback constructivo. Transformo al enemigo en aliado.;emotional_stability 3 | ambiguity_tolerance 2 | risk_propensity -1;"Lo ignoro completamente. ""No alimentes al troll"". Cualquier respuesta solo le dará más visibilidad. Seguimos trabajando.";ambiguity_tolerance 3 | autonomy 3 | achievement -1;Uso cuentas anónimas o pido a empleados que le contesten defendiendo la marca para no mancharme las manos oficialmente.;emotional_stability -2;;
TECH;26;La Cultura Bro;"Tu equipo inicial son 15 hombres blancos de 25-30 años. El ambiente es de ""fraternidad"": cerveza, chistes internos y jornadas maratonianas. Una inversora te advierte que esa monocultura es un riesgo y que disuade al talento diverso.";Fuerzo la contratación de mujeres y perfiles senior en la siguiente ronda, aunque tardemos más en encontrar encaje. La diversidad es rentabilidad a largo plazo.;innovativeness 3 | self_efficacy 1 | risk_propensity -1 | achievement -1;Protejo la cultura actual. Nos entendemos, vamos rápido y nos divertimos. No voy a romper la dinámica del equipo por corrección política.;risk_propensity 3 | self_efficacy 1 | emotional_stability -1 | locus_control -2;"Creo un código de conducta y hago un taller de sensibilización, pero sigo contratando por ""afinidad cultural"" (lo que suele significar gente igual a nosotros).";ambiguity_tolerance 1;"Contrato a una Directora de RRHH con carácter para que ella arregle el problema y sea la ""poli mala"" que cambie las normas.";self_efficacy 2 | ambiguity_tolerance -1;;
TECH;27;Uso Criminal;"Descubrís que una red de narcotráfico está usando vuestra App de mensajería encriptada para operar. Vuestra promesa de venta es la ""privacidad total"". Si colaboráis con la policía, rompéis vuestra promesa. Si no, sois cómplices morales.";Colaboramos con la policía. Damos los datos (meta-datos) que tengamos. No quiero que mi tecnología facilite crímenes, aunque perdamos usuarios puristas.;emotional_stability 3 | risk_propensity -1 | autonomy 1;Defendemos la privacidad absoluta. Somos una herramienta, como el teléfono o el cuchillo. No somos responsables del mal uso. Nos negamos a dar datos.;risk_propensity 3 | self_efficacy 1 | emotional_stability -1 | locus_control -2;"Baneamos a esos usuarios discretamente por ""violación de términos de uso"" sin avisar a nadie, intentando limpiar la casa sin hacer ruido.";achievement 4 | emotional_stability -1;"Intentamos monetizarlo vendiendo una versión ""Enterprise"" ultra-segura, sabiendo que atraerá a más perfiles grises pero aumentará la facturación.";achievement 4 | emotional_stability -3;;
TECH;28;Comunicación de Despidos;"Tienes que despedir al 20% de la plantilla para sobrevivir. Mañana es el día. Hoy hay una reunión general (All Hands) y alguien pregunta: ""¿Van a haber despidos?"". Si dices sí, cunde el pánico hoy. Si dices no, mentirás.";"Digo ""No"" para proteger la productividad de hoy y que la gente duerma tranquila una noche más. Mañana pediré perdón por la mentira.";achievement 3 | emotional_stability -3;"Digo ""Sí, mañana habrá anuncios difíciles"". Trato a mi equipo como adultos, aunque eso signifique que hoy nadie trabaje y haya miedo.";emotional_stability 3 | risk_propensity 3 | self_efficacy 1 | achievement -1 | locus_control -2;"Doy una respuesta corporativa ambigua: ""Estamos revisando la estructura para asegurar la sostenibilidad..."". Ni confirmo ni desmiento.";ambiguity_tolerance 3 | achievement -1;"Digo ""Depende de vosotros y de vuestro rendimiento"". Uso el miedo como herramienta de motivación de última hora.";self_efficacy -3;;
TECH;29;Refactorización vs Nuevas Features;El código es un desastre (espagueti). Añadir cualquier cosa tarda el triple. El equipo técnico pide parar 2 meses para reescribir (Refactor). El equipo de ventas pide nuevas funciones YA para cerrar el trimestre.;Paramos la fábrica. Dedicamos 6 semanas a limpiar deuda técnica. Sin cimientos sólidos, el edificio se caerá. Asumo la bajada de ventas temporal.;ambiguity_tolerance 3 | locus_control 3 | achievement -1;Seguimos parcheando. No podemos permitirnos parar de vender. Contrato más desarrolladores para compensar la lentitud del código actual.;achievement 4 | emotional_stability -1;"Creamos un equipo ""SWAT"" separado para hacer las nuevas features rápido (y sucio) mientras el resto limpia el código poco a poco.";self_efficacy 2 | ambiguity_tolerance -1;"Busco una solución ""No-Code"" o de terceros para las nuevas funciones y puenteo al equipo de desarrollo para ir rápido.";innovativeness 3 | autonomy 2 | self_efficacy 1 | achievement -1;;
TECH;30;Cisne Negro (Pandemia/Crisis);Estalla una crisis global (Pandemia/Guerra). Tus clientes cancelan contratos en masa. Los ingresos caen a cero en 48 horas. Tienes caja para 3 meses.;"Hiberno la empresa. Despido temporalmente a casi todos, dejo los servidores al mínimo y me pongo en modo ""cucaracha"" a esperar que pase la tormenta.";emotional_stability -2;Pivoto radicalmente a algo necesario en la crisis (ej: telemedicina, logística). Uso el equipo actual para construir una startup nueva en 2 semanas.;innovativeness 3 | risk_propensity 3 | self_efficacy 2 | achievement -1 | locus_control -2;Cierro la empresa ordenadamente. Devuelvo el dinero restante a los inversores y ayudo al equipo a encontrar trabajo. Acepto la derrota con honor.;emotional_stability 3 | locus_control 3 | risk_propensity -1;Gasto lo que queda de caja en una campaña de marketing agresiva aprovechando que los precios de publicidad han bajado. Apuesta a todo o nada.;risk_propensity 3 | ambiguity_tolerance 2 | self_efficacy 1 | emotional_stability -1 | locus_control -2;;
TECH;31;Niebla de Guerra;El mercado ha cambiado de golpe por una nueva regulación. Nadie sabe qué pasará el próximo trimestre. Los datos son contradictorios y tu equipo te mira buscando certezas que no tienes. La parálisis se empieza a notar en la oficina.;Avanzo con la mejor hipótesis disponible. Declaro un nuevo rumbo con seguridad (aunque tenga dudas) porque el equipo necesita un líder que marque dirección, no dudas. Corregiré sobre la marcha.;ambiguity_tolerance 3 | self_efficacy 2 | risk_propensity 2 | achievement -1 | locus_control -2;Congelo todas las inversiones y contrataciones hasta tener al menos un informe jurídico claro o ver qué hace la competencia. La prudencia es la madre de la supervivencia.;locus_control 2 | risk_propensity -2 | emotional_stability 2;Reúno al equipo y les explico la incertidumbre total. Creamos tres escenarios posibles y grupos de trabajo para cada uno. Diluyo la decisión en la inteligencia colectiva.;self_efficacy 2 | emotional_stability 3 | innovativeness 2 | locus_control -2 | achievement -1;Copio inmediatamente la estrategia del líder del mercado. Ellos tendrán más información que nosotros, así que seguir su estela es lo más seguro.;innovativeness -2 | emotional_stability 2 | autonomy 1;;
TECH;32;Golpe Inesperado;Un proveedor crítico de servicios en la nube ha sufrido un incendio. Has perdido datos de la última semana. No tenías un backup externo reciente (fallo tuyo). Los clientes están furiosos y piden cabezas.;"Asumo la culpa públicamente. ""Ha sido error mío por no supervisar el backup"". Ofrezco compensaciones de mi propio bolsillo/bonus si hace falta. La responsabilidad es indelegable.";locus_control 3 | emotional_stability 3 | self_efficacy 1 | achievement -1;"Busco al responsable técnico de infraestructuras y le culpo del desastre ante los clientes. ""El protocolo falló"". Salvo la imagen de la empresa sacrificando un peón.";emotional_stability -2;"Minimizo el problema. Les digo a los clientes que ""es un estándar de la industria"" y que la pérdida es mínima. Intento normalizar la catástrofe para que no haya pánico.";self_efficacy 1 | risk_propensity 2 | emotional_stability -1 | locus_control -2;Me encierro en la oficina a trabajar en la recuperación técnica manual de datos, ignorando las llamadas de clientes hasta que tenga una solución. Acción antes que palabras.;achievement 4 | emotional_stability -1;;
TECH;33;La Soledad del Mando;"Tienes que tomar una decisión impopular: cerrar la oficina física para siempre y ser 100% remotos para salvar costes. Tus socios no se mojan, dicen ""lo que tú veas"". Tus empleados aman la oficina. Estás solo ante el peligro.";Ejecuto la decisión basándome en los números. La soledad es el precio del cargo. Comunico la decisión con firmeza y empatía, pero sin pedir permiso.;autonomy 3 | emotional_stability 2 | innovativeness -1;"Pos pongo la decisión un mes más a ver si los números mejoran solos. Me aterra ser el ""malo de la película"" y romper el buen ambiente.";autonomy 3 | self_efficacy -2;Busco un consultor externo o un mentor para que valide mi decisión. Necesito que alguien con autoridad me diga que estoy haciendo lo correcto.;ambiguity_tolerance 1;Hago una encuesta vinculante a los empleados. Si ellos quieren oficina, nos quedamos, aunque tengamos que bajarnos el sueldo todos. Democratizo la crisis.;emotional_stability 2 | risk_propensity 2 | self_efficacy 1 | achievement -1 | locus_control -2;;
TECH;34;El Caos Creativo;Tu producto actual funciona y da dinero, pero es tecnológicamente aburrido (SaaS clásico). Ves una oportunidad de cambiarlo todo por una arquitectura descentralizada (Web3) muy arriesgada pero revolucionaria. Nadie te lo pide. ¿Rompes lo que funciona?;Sí. La innovación es supervivencia. Si no nos canibalizamos nosotros mismos con algo nuevo, vendrá otro y nos matará. Empiezo la transición.;innovativeness 3 | risk_propensity 3 | self_efficacy 1 | achievement -1 | locus_control -2;"No. ""If it ain't broke, don't fix it"". Optimizamos márgenes, mejoramos el servicio actual y nos olvidamos de modas tecnológicas.";achievement 3 | emotional_stability -1;Creo un departamento de I+D separado (Skunkworks) para probar la nueva tecnología sin tocar la vaca lechera actual. Innovación ambidiestra.;innovativeness 3 | emotional_stability 2 | self_efficacy 1 | achievement -1;"Espero a ver si la competencia adopta la nueva tecnología. Seré un ""Fast Follower"" si veo que funciona, pero no seré el conejillo de indias.";ambiguity_tolerance 2 | achievement -1;;
TECH;35;La Meta Imposible;Te has puesto un objetivo anual de facturar 1M€. Estamos en Agosto y vas por 300k. Todo indica que no llegarás. El equipo está desmotivado por ver la meta tan lejos. Es agotador seguir empujando una piedra imposible.;"Mantengo la meta y redoblo la presión. ""El objetivo no se toca, se toca la estrategia"". Creo un plan de guerra para los últimos 4 meses. El logro está en la superación.";achievement 4 | emotional_stability 3 | locus_control -2;Reajusto la meta a 600k. Es un objetivo desafiante pero alcanzable. Prefiero que el equipo termine el año con una victoria psicológica que con un fracaso glorioso.;innovativeness 3 | locus_control 3 | self_efficacy 1 | achievement -1;"Culpo al mercado y a la situación económica. ""Nadie está vendiendo este año"". Acepto que no llegaremos y bajo el ritmo para no quemarnos.";ambiguity_tolerance 1;"Cambio el objetivo. Dejamos de mirar facturación y pasamos a mirar ""Satisfacción de Cliente"". Cambio las reglas del juego a mitad de partido para sentir que ganamos.";innovativeness 3 | self_efficacy 1 | achievement -1;;
TECH;36;Información Incompleta;Tienes que elegir entre dos tecnologías para el núcleo de tu app: A (estable pero lenta) o B (rápida pero nueva y sin documentar). Tienes el 40% de la información necesaria. Conseguir más datos tardaría 2 meses que no tienes.;Decido YA basándome en mi intuición técnica y en la visión de producto. Si me equivoco, corregiremos, pero la parálisis es peor que el error.;autonomy 3 | risk_propensity 3 | ambiguity_tolerance 2 | self_efficacy 1 | innovativeness -1 | locus_control -2;Elijo la A (Estable). Ante la duda, la seguridad es lo primero. Prefiero tener problemas de velocidad futuros que problemas de rotura hoy.;innovativeness -2 | emotional_stability 2 | autonomy 1;Contrato a un experto freelance por horas para que analice las dos opciones en 1 semana. Compro certeza con dinero.;innovativeness 3 | self_efficacy 1 | locus_control 2 | risk_propensity -1 | achievement -1;Lanzamos una moneda al aire (metafóricamente). Ambas opciones tienen riesgos, así que elijo la que más motive al equipo de desarrollo.;self_efficacy 1 | ambiguity_tolerance -1;;
TECH;37;Crítica Pública Viral;Un ex-empleado resentido publica un hilo en Twitter contando intimidades vergonzosas de la empresa (caos, desorden, malas decisiones). Se hace viral. Tu imagen personal está en entredicho.;"No respondo. Mi estabilidad emocional no depende de Twitter. Dejo que pase la tormenta y sigo trabajando. ""Los hechos hablarán más alto"".";emotional_stability 3 | ambiguity_tolerance 3 | achievement 4 | risk_propensity -1;Publico un post reconociendo los errores reales mencionados (vulnerabilidad) y explicando cómo hemos mejorado desde entonces. Desactivo el ataque con humildad.;emotional_stability 3 | self_efficacy 2 | ambiguity_tolerance 3 | risk_propensity -1;Le demando por revelación de secretos y difamación. Voy a por todas para defender mi honor y el de la empresa. Tolerancia cero.;emotional_stability 3 | risk_propensity -1 | autonomy 1;Me afecta profundamente. Me encierro en casa unos días y pienso en dejarlo todo. Siento que todo el esfuerzo no ha valido la pena.;ambiguity_tolerance -2;;
TECH;38;Burocracia vs Agilidad;La empresa ha crecido a 30 personas. Empieza a haber descontrol: nadie sabe quién hace qué. Tu socio propone implementar OKRs, fichaje horario y reportes semanales. Tú temes perder la frescura de startup.;"Implemento un ""Mínimo Control Viable"". Unas pocas reglas claras, pero mantengo la libertad. La autonomía es sagrada para innovar.";autonomy 3 | emotional_stability 3 | self_efficacy 1 | innovativeness -1;Acepto la burocratización total. Necesitamos orden para escalar. Si perdemos frescura, es el precio de hacernos mayores. Excel y procesos para todo.;achievement 4 | innovativeness -2;"Rechazo los procesos. ""Somos piratas, no la Marina"". Prefiero el caos creativo que el orden estéril. Confío en la auto-organización.";ambiguity_tolerance 2 | autonomy 2 | self_efficacy -2;Copio el manual de cultura de Netflix/Google y lo implanto tal cual, esperando que funcione por arte de magia.;emotional_stability 2 | risk_propensity -1 | autonomy 1;;
TECH;39;El Esfuerzo sin Premio;"El equipo ha trabajado un fin de semana entero para una entrega y el cliente ha rechazado el trabajo por ""no cumplir expectativas"". El equipo está destrozado y pide reconocimiento por el esfuerzo.";"Les digo la verdad: ""El esfuerzo sin resultados es irrelevante en el mundo real"". Analizamos por qué fallamos para no repetirlo. Dureza constructiva.";achievement 4 | locus_control 3 | emotional_stability -2;Les felicito por la entrega y les pago una cena. Valoro la actitud por encima del resultado puntual. Necesito mantener la moral alta.;emotional_stability 3 | self_efficacy 2 | risk_propensity -1;Me peleo con el cliente. Defiendo que el trabajo es bueno y que su criterio es erróneo. Protejo a mi equipo atacando fuera.;emotional_stability 2 | risk_propensity -1 | autonomy 1;Bajo el nivel de exigencia para el próximo sprint. Veo que están quemados y prefiero ir más lento pero seguros.;achievement -1;;
TECH;40;Reinvención Personal;Te das cuenta de que tus habilidades técnicas (código) ya no son lo que la empresa necesita. Ahora hace falta gestión, ventas y hablar con inversores. Odias hacer eso. Te sientes un impostor en tu propia empresa.;Me reinvento. Aprendo finanzas y ventas a marchas forzadas. Me convierto en el CEO que la empresa necesita, aunque me duela salir de mi zona de confort.;innovativeness 3 | locus_control 3 | self_efficacy 1 | achievement -1;Contrato a un CEO profesional y yo vuelvo a ser CTO (Técnico). Conozco mis fortalezas y no voy a ser mediocre en un puesto que odio por ego.;locus_control 3 | emotional_stability 3 | self_efficacy 2 | achievement 3 | risk_propensity -1;"Sigo haciendo lo técnico (micromanagement) e ignoro la gestión, esperando que ""alguien"" lo haga o que no sea tan importante.";self_efficacy -2;Vendo la empresa. Si ya no puedo hacer lo que me gusta (picar código), este proyecto ha dejado de tener sentido para mí.;emotional_stability 2 | achievement -1;;
CONSULTORIA;1;El Equipo Fantasma;"Has vendido un proyecto de transformación digital a una gran cuenta prometiendo un equipo de ""Expertos Senior"". La realidad es que tus seniors están ocupados en otros proyectos. El lunes arranca el cliente y solo tienes disponibles a tres Juniors recién graduados muy listos, pero inexpertos.";"Les presento como ""Consultores"" (sin apellido senior/junior), les compro trajes caros y les entreno el fin de semana en ""actitud ejecutiva"". Confío en que sacarán el trabajo por pura inteligencia.";risk_propensity 2 | self_efficacy 1 | ambiguity_tolerance 1 | emotional_stability -1 | locus_control -2;Hablo con el cliente y confieso que el equipo Senior tendrá una dedicación parcial, pero que yo supervisaré personalmente cada entrega de los Juniors. Renegocio expectativas.;emotional_stability 3 | self_efficacy 1 | achievement -1;Contrato a dos freelancers expertos a precio de oro solo para que vayan a las reuniones clave (efecto halo) mientras los juniors hacen el trabajo sucio en la sombra.;autonomy 2 | innovativeness -1 | emotional_stability 2;"Les vendo la idea de que para este proyecto es mejor la ""mirada fresca y nativa digital"" de los jóvenes. Transformo la debilidad en un argumento de venta.";self_efficacy 2 | innovativeness 3 | ambiguity_tolerance -1 | achievement -1;;
CONSULTORIA;2;El Descuento de la Marca;"Coca-Cola (o un equivalente global) te llama. Quieren contratarte para una campaña, pero su departamento de compras es brutal: exigen una bajada del 40% sobre tu tarifa habitual. ""Tener nuestro logo en tu web te traerá muchos clientes"", dicen.";Acepto el descuento. Es una inversión en marketing. Perderé margen en este proyecto, pero el valor de marca que me aportan compensa a largo plazo.;innovativeness 3 | self_efficacy 1 | achievement -1;"Me niego en rotundo. ""Mi tarifa marca mi valor"". Si bajo el precio una vez, seré un proveedor ""low cost"" para siempre. Prefiero perder el cliente que mi posicionamiento.";self_efficacy 1 | risk_propensity 1 | ambiguity_tolerance -1;"Acepto el presupuesto bajo, pero recorto el alcance del proyecto brutalmente. ""Tenéis lo que pagáis"". Les doy un servicio básico por el precio básico.";self_efficacy 1 | emotional_stability 2 | ambiguity_tolerance -1;"Acepto con una cláusula de ""Success Fee"" (Variable) muy agresiva. Si cumplo objetivos, cobro el 120%. Si no, cobro el 60%. Apuesto por mí.";self_efficacy 2 | risk_propensity 2 | achievement 3 | ambiguity_tolerance -1 | locus_control -2;;
CONSULTORIA;3;El Fin de Semana Perdido;"Viernes, 18:30 PM. Tienes entradas para el teatro con tu pareja y una cena reservada hace meses. El cliente clave del año te llama: ""El Comité de Dirección ha adelantado la reunión al lunes. Necesito cambiar toda la presentación este fin de semana"". Son 20 horas de trabajo.";Cancelo mis planes y lo hago yo mismo. El cliente es Dios y mi vida personal es secundaria cuando hay fuego. Es el precio de la excelencia.;locus_control 3 | emotional_stability -1;Llamo a mi analista junior y le digo que le toca pringar el fin de semana. Le prometo días libres después, pero el marrón se lo come él. Es parte de su aprendizaje.;self_efficacy 1 | achievement 2 | emotional_stability -1;"Le digo al cliente que es imposible. ""El equipo descansa para estar fresco el lunes"". Le ofrezco un resumen ejecutivo en vez de la presentación completa.";self_efficacy 2 | autonomy 2 | risk_propensity 2 | ambiguity_tolerance -1 | locus_control -2;Le envío un presupuesto de urgencia (tarifa x3) por trabajar en fin de semana. Si valora tanto el cambio, que lo pague. Si paga, trabajo.;self_efficacy 1 | achievement 3 | ambiguity_tolerance -1;;
CONSULTORIA;4;El Socio de Golf;"Tu socio fundador lleva 1 año sin traer clientes nuevos y apenas hace entregables. Se dedica a ""hacer networking"" (cenas, golf, eventos) mientras tú facturas el 90% de los ingresos. Sientes que le estás regalando la mitad de tu esfuerzo.";Le planteo un ultimátum: O trae 100k€ este trimestre o reestructuramos el accionariado. Las cuentas claras conservan la amistad.;self_efficacy 2 | emotional_stability 2 | ambiguity_tolerance -1;No le digo nada. Es mi amigo, fundamos esto juntos y él puso el capital inicial. Confío en que su networking dará frutos algún día (Largo Plazo).;emotional_stability 2 | ambiguity_tolerance 2 | risk_propensity -1;Empiezo a desviar los nuevos clientes que yo consigo a una sociedad nueva a mi nombre. Preparo mi salida silenciosa para no seguir cargando con él.;autonomy 2 | innovativeness 2 | self_efficacy 1 | achievement -1;Le asigno tareas administrativas internas obligatorias para que, si no vende, al menos me quite carga de gestión. Le micro-gestiono.;self_efficacy 1 | achievement 2 | ambiguity_tolerance -1;;
CONSULTORIA;5;La Factura en el Limbo;"Tu mayor cliente (30% de la facturación) lleva 90 días sin pagar. Te deben 50.000€. Dicen que es ""un problema administrativo con el ERP nuevo"". Te quedas sin caja para nóminas en 15 días. Sabes que si presionas mucho, podrías perder la cuenta.";Paro el servicio inmediatamente y envío un burofax de abogados reclamando la deuda. Se acabó la broma, mi gente tiene que comer.;emotional_stability 2 | risk_propensity 2 | self_efficacy 1 | achievement -1 | locus_control -2;"Sigo trabajando ""de buena fe"" mientras les llamo cada día amablemente. No quiero enfadarles ni perder el contrato futuro. Pido un crédito para aguantar.";ambiguity_tolerance 2 | risk_propensity 2 | self_efficacy 1 | achievement -1 | locus_control -2;Me presento en su oficina física y me siento en recepción diciendo que no me voy hasta que me den un cheque o una transferencia confirmada.;risk_propensity 3 | self_efficacy 1 | emotional_stability -1 | locus_control -2;Les ofrezco una quita del 5% si pagan hoy mismo (Pronto Pago). Prefiero perder 2.500€ y tener liquidez ya, que tener razón y estar quebrado.;achievement 4 | self_efficacy 1 | innovativeness 1 | emotional_stability -1;;
CONSULTORIA;6;El Error de Excel de los 50k;Acabas de darte cuenta de que enviaste una propuesta de precio cerrado por 200.000€ con un error de fórmula. Deberían ser 250.000€ para cubrir costes reales. El cliente ya ha aceptado el precio bajo encantado y firmado el contrato.;Me como el error. Asumo la pérdida de margen como coste de aprendizaje. Un contrato firmado es sagrado y mi palabra vale más que 50k.;emotional_stability 3 | locus_control 3 | risk_propensity -1;"Le digo al cliente que hubo un ""error informático"" en la generación del PDF y le envío el contrato corregido, apelando a su buena fe. Si cuela, cuela.";risk_propensity 1 | emotional_stability -1;"Intento recuperar ese dinero facturando ""fuera de alcance"" (Change Orders) cualquier mínima desviación durante el proyecto. Seré estricto con los extras.";ambiguity_tolerance 1;"Cancelo el proyecto inventando una excusa de ""conflicto de intereses"" o ""falta de capacidad"". Prefiero no hacerlo a perder dinero.";emotional_stability 2 | achievement -1;;
CONSULTORIA;7;La Jaula de Oro;Tu cliente favorito te ofrece ficharte como Directora de Estrategia in-house. Te ofrecen un sueldo fijo de 120k€ + bonus, horario estable y cero riesgo. Tu consultora factura 80k€ (neto para ti) pero vives con estrés constante y cazando clientes.;Acepto. Estoy cansada de luchar cada mes. Quiero nómina, vacaciones pagadas y paz mental. La emprendeduría está sobrevalorada.;achievement -1;Rechazo. Soy inempleable. Prefiero ganar menos y trabajar más siendo libre, que ganar más obedeciendo a un jefe. Mi libertad no tiene precio.;autonomy 3 | risk_propensity 2 | self_efficacy 1 | innovativeness -1 | locus_control -2;"Propongo que me contraten como ""Interim Manager"" facturando desde mi empresa. Intento tener lo mejor de los dos mundos: ingresos fijos y libertad fiscal.";self_efficacy 2 | autonomy 3 | ambiguity_tolerance -1;Les digo que no, pero les pido que inviertan en mi consultora para que yo pueda contratar equipo y darles mejor servicio. Doblo la apuesta.;self_efficacy 2 | risk_propensity 2 | achievement 2 | ambiguity_tolerance -1 | locus_control -2;;
CONSULTORIA;8;El Gurú de LinkedIn;Ves que tu competencia directa vende humo en LinkedIn, publica hilos virales vacíos y se está forrando. Tú eres técnico, riguroso y honesto, pero invisible. Sientes que el mercado premia a los charlatanes.;"Empiezo a publicar contenido sensacionalista y ""Clickbait"". Si no puedes con ellos, únete. El mercado es un juego de atención y voy a jugarlo.";innovativeness 2 | self_efficacy 1 | emotional_stability -1 | achievement -1;"Sigo a lo mío. La calidad habla por sí sola. ""El buen paño en el arca se vende"". Tarde o temprano los clientes se darán cuenta del fraude de los otros.";emotional_stability 2 | ambiguity_tolerance 2 | risk_propensity -1;"Empiezo una cruzada. Publico contenido desmontando técnicamente las mentiras de los gurús. Me posiciono como el ""anti-vendehumos"".";emotional_stability 2 | innovativeness 2 | self_efficacy 1 | risk_propensity 1 | achievement -1;"Contrato a un ""Ghostwriter"" (escritor fantasma) para que escriba por mí en LinkedIn. Quiero los resultados de la visibilidad sin mancharme las manos.";self_efficacy 1 | achievement 3 | ambiguity_tolerance -1;;
CONSULTORIA;9;El Ex-Empleado Rival;Un consultor senior que formaste durante 3 años se ha ido y ha montado su propia agencia. Ha copiado textualmente tu web, tus metodologías y está contactando a tus clientes ofreciendo lo mismo un 20% más barato.;Le demando por competencia desleal y robo de propiedad intelectual. Voy a por todas legalmente para hundirle antes de que crezca.;emotional_stability 2 | risk_propensity -1 | autonomy 1;"Le llamo y le felicito irónicamente. ""Si me copias es que soy el referente"". Lo ignoro y subo mis precios para diferenciarme por calidad, no por precio.";self_efficacy 2 | achievement 3 | ambiguity_tolerance -1;Le copio yo a él sus precios (Guerra de Precios) temporalmente para asfixiarle, ya que yo tengo más margen financiero y él está empezando.;ambiguity_tolerance 1;Hago un rediseño total de mi marca y servicios. Si él copia mi versión 1.0, yo lanzo la 2.0. Uso su copia como motor para innovar.;innovativeness 3 | ambiguity_tolerance 2 | self_efficacy 1 | achievement -1;;
CONSULTORIA;10;Escalar o Artesanía;Estás saturado de trabajo. Ganas dinero pero no tienes vida. Tienes lista de espera de clientes. Tienes que decidir qué tipo de empresa quieres ser.;Producto: Empaquetizo mi conocimiento en cursos online y software. Dejo de vender horas y paso a vender IPs escalables. Adiós al trato directo.;innovativeness 3 | autonomy 2 | self_efficacy 1 | achievement -1;Agencia: Contrato a 5 juniors y un gerente. Me dedico solo a vender y gestionar personas. Construyo una estructura piramidal clásica.;self_efficacy 2 | autonomy 2 | ambiguity_tolerance -1;Boutique: Subo precios x3, despido al 80% de clientes pequeños y me quedo solo con 3 grandes cuentas VIP. Trabajo menos, gano más, más riesgo.;risk_propensity 2 | autonomy 2 | self_efficacy 1 | emotional_stability -1 | locus_control -2;Virgencita que me quede como estoy. Contrato un asistente virtual para el papeleo y sigo trabajando yo. No quiero líos de personal ni inventos.;achievement -1;;
CONSULTORIA;11;El Cliente Tóxico pero Rico;Tu cliente más grande (el que paga las facturas del local) trata mal a tu equipo. Gritos en las reuniones, correos ofensivos a las 3AM y faltas de respeto constantes. Tu equipo está quemado y amenaza con irse.;Le despido formalmente. Ningún dinero vale la salud mental de mi gente ni mi dignidad. Asumo el agujero financiero y saldré a vender para cubrirlo.;risk_propensity 3 | self_efficacy 1 | locus_control -2 | emotional_stability -1;"Aguanto y pido al equipo que aguante. ""El cliente siempre tiene la razón (mientras pague)"". Les doy un bonus de ""peligrosidad"" a los empleados.";achievement 4 | emotional_stability -1;"Le subo la tarifa un 50% en la renovación como ""Tasa de Aguantarte"". Si paga esa locura, compensa el dolor. Si se va, ganamos paz.";self_efficacy 1 | ambiguity_tolerance -1;"Le asigno al equipo más ""duro"" y ""pasota"" que tengo, protegiendo a los sensibles. Roto al personal para que nadie se queme del todo.";self_efficacy 1 | innovativeness 2 | ambiguity_tolerance -1 | achievement -1;;
CONSULTORIA;12;El Tsunami de la IA;"ChatGPT y las IAs hacen en 5 segundos los informes básicos que tú vendías por 2.000€. Tu modelo de negocio de ""cobrar por entregable"" está obsoleto. Los clientes empiezan a darse cuenta.";"Me convierto en ""Consultor de IA"". Pivoto totalmente para enseñar a las empresas a usar estas herramientas. Si la ola viene, la surfeo.";innovativeness 3 | risk_propensity 2 | self_efficacy 1 | achievement -1 | locus_control -2;"Niego la amenaza. ""La IA nunca tendrá el toque humano y estratégico"". Sigo vendiendo lo mismo, enfatizando la relación personal y la confianza.";ambiguity_tolerance 1;Uso la IA en secreto para hacer el trabajo en 10 minutos y sigo cobrando las 20 horas al cliente. Aumento el margen brutalmente mientras dure.;achievement 4 | emotional_stability -2;Cambio radicalmente a servicios presenciales (Workshops, Formación, Facilitación) que una IA no puede replicar. Vendo experiencia humana, no documentos.;innovativeness 3 | self_efficacy 1 | achievement -1;;
CONSULTORIA;13;El Soborno Sutil;"Un directivo de una gran empresa te dice en una cena: ""Te doy el contrato de 300k€, pero tienes que contratar a mi cuñado como asesor externo por 20k, aunque no haga nada"".";"Acepto. Es el ""coste de adquisición"" en el mundo real. 20k es una comisión encubierta, pero el beneficio neto es enorme. Negocios son negocios.";achievement 4 | emotional_stability -3;Me niego rotundamente y denuncio el hecho al departamento de Compliance de su empresa. Pierdo el contrato y me gano un enemigo, pero duermo tranquilo.;emotional_stability 3 | risk_propensity 3 | self_efficacy 1 | achievement -1 | locus_control -2;Rechazo educadamente la oferta y me retiro del concurso sin hacer ruido. No quiero líos, pero tampoco quiero ser un chivato.;emotional_stability 2 | risk_propensity -1 | autonomy 1;"Le digo que sí, firmo el contrato, y luego despido al cuñado a los 2 meses alegando ""recortes"". Juego sucio contra el sucio.";risk_propensity 2 | self_efficacy 1 | emotional_stability -1 | locus_control -2;;
CONSULTORIA;14;Networking Estéril;"Te pasas el día en eventos de ""Business"", desayunos y afterworks. Conoces a mucha gente, pero nadie tiene presupuesto para contratarte. Sientes que estás perdiendo el tiempo haciendo vida social.";Dejo de ir a todo. Me encierro en la cueva a escribir y crear contenido de valor (Inbound Marketing). Que vengan ellos a mí si soy bueno.;achievement 4 | autonomy 2 | emotional_stability -1;"Sigo yendo. ""Nunca sabes de dónde saltará la liebre"". El networking es sembrar a muy largo plazo y hay que estar presente.";ambiguity_tolerance 2 | achievement 3 | risk_propensity -1;Empiezo a ir solo a eventos de pago/VIP donde la entrada cueste más de 500€. Filtro por capacidad económica. Menos gente, más dinero.;autonomy 3 | achievement 3 | risk_propensity 1 | innovativeness -1;Mando a un comercial junior a que vaya a desayunar y repartir tarjetas por mí. Yo solo voy a cerrar las reuniones que él consiga.;self_efficacy 1 | autonomy 1 | ambiguity_tolerance -1;;
CONSULTORIA;15;Fusión con Acciones;Una consultora grande quiere comprarte. No te dan dinero en efectivo (Cash), te dan acciones de su empresa (Stock Swap). Dicen que saldrán a bolsa pronto y esas acciones valdrán millones.;Ni de coña. Papel mojado. Solo vendo por Cash. He visto demasiadas promesas de salida a bolsa que acaban en nada.;autonomy 2 | innovativeness -1 | emotional_stability 2;Acepto. Quiero ser parte de algo grande y creo en su visión. Si sale bien, el multiplicador es mucho mayor que el dinero en efectivo.;achievement 3 | risk_propensity 2 | self_efficacy 1 | emotional_stability -1 | locus_control -2;Pido 50% Cash y 50% Acciones. Diversifico el riesgo. Si se hunden, al menos he cobrado algo. Si triunfan, gano más.;self_efficacy 2 | emotional_stability 2 | innovativeness 2 | ambiguity_tolerance -1 | achievement -1;"Les propongo una ""Alianza Estratégica"" comercial. Vendemos juntos y repartimos beneficios, pero yo mantengo mi empresa y mis acciones.";autonomy 3 | self_efficacy 1 | innovativeness -1 | emotional_stability 2;;
CONSULTORIA;16;Marca Personal vs Empresa;Tus clientes te quieren a TI. Si tú no estás en la reunión, no compran. Quieres vender la empresa algún día, pero eres el producto. Eres un cuello de botella glorificado.;"Empiezo a ""esconderme"". Pongo a mi equipo al frente y borro mi foto de la web. Asumo que perderé clientes a corto plazo para ganar escalabilidad.";locus_control 3 | emotional_stability -1;"Potencio mi Marca Personal al máximo. Cobro 1.000€/hora y tengo un equipo de ""ayudantes"". Acepto que soy un artista/gurú, no una empresa vendible.";achievement 3 | emotional_stability -1 | self_efficacy -2;Creo una metodología patentada con nombre propio (El Método X) para que compren el proceso, no a la persona. Estandarizo mi cerebro.;innovativeness 3 | self_efficacy 1 | achievement -1;Me resigno. Soy un autoempleado de lujo. Disfruto del dinero y la libertad mientras dure y asumo que cuando yo pare, la empresa para.;ambiguity_tolerance 2 | locus_control 2 | autonomy 2 | achievement -1;;
CONSULTORIA;17;El Impago de Impuestos;Te has gastado el dinero del IVA trimestral en renovar la oficina y pagar bonus. Llega el día 20 y no tienes liquidez para pagar a Hacienda. Si no pagas, recargo y posible inspección.;Pido un aplazamiento a Hacienda asumiendo los intereses. Es una patada hacia adelante, pero gano tiempo para facturar y cubrirlo.;achievement 3 | ambiguity_tolerance 2 | emotional_stability -1;Pido un crédito rápido personal al banco para cubrir el impuesto. Tapo un agujero con otro, aumentando mi deuda personal.;risk_propensity 2 | self_efficacy 1 | locus_control -2 | emotional_stability -1;"No pago y espero a que me llegue la notificación ejecutiva. ""Ya pagaré con la multa cuando tenga dinero"". Vivo al límite.";risk_propensity 3 | self_efficacy 1 | emotional_stability -1 | locus_control -2;Dejo de pagar a los proveedores este mes (les miento diciendo que el banco falló) para pagar a Hacienda. El Estado da más miedo que los proveedores.;achievement 3 | emotional_stability -1;;
CONSULTORIA;18;La Exclusividad;Un cliente te pide exclusividad por contrato. No puedes trabajar para nadie más de su sector. Te paga muy bien (cubre el 60% de tu facturación), pero te cierra la mitad del mercado potencial.;Firmo. Pájaro en mano. Me aseguro un cliente fiel y rentable, y me olvido de la presión comercial por un tiempo.;achievement 3 | emotional_stability -1;No firmo. Mi libertad de mercado vale más que un cliente. Si me quiere en exclusiva, que me pague el triple (coste de oportunidad).;autonomy 3 | self_efficacy 2 | achievement 3 | innovativeness -1;"Firmo pero creo una ""marca blanca"" paralela (otra web, otro nombre) para seguir trabajando con la competencia sin que se enteren.";risk_propensity 2 | self_efficacy 1 | emotional_stability -1 | locus_control -2;"Acoto la exclusividad a algo muy específico (ej: ""Solo en Murcia"" o ""Solo en producto X"") para dejarme aire para operar en el resto.";self_efficacy 1 | autonomy 1 | ambiguity_tolerance -1;;
CONSULTORIA;19;El Becario Gratis;"Una escuela de negocios te ofrece becarios gratis. ""Les pagas con aprendizaje"", dicen. Tienes mucho trabajo sucio (picadatos) que hacer y te vendrían genial.";Los cojo. Es mano de obra gratis y ellos necesitan currículum. Es un intercambio justo (Win-Win) en el mercado actual.;achievement 4 | emotional_stability -1;No. Si trabajan, cobran. No creo en el trabajo esclavo ni en devaluar mi sector. O les pago salario digno o no entran.;emotional_stability 3 | risk_propensity -1 | autonomy 1;"Cojo uno, pero me dedico a formarle de verdad dedicando mi tiempo. Entiendo que mi ""pago"" es mi mentoría real, no tenerle haciendo fotocopias.";self_efficacy 2 | risk_propensity 2 | ambiguity_tolerance -1 | locus_control -2;Los uso para tareas personales también (hacerme el café, recoger la tintorería, reservar vuelos). Ya aprenderán lo que es la vida dura.;emotional_stability -2;;
CONSULTORIA;20;Crisis de Reputación;"Te has equivocado en un dato público en un informe y un experto te ha corregido en Twitter humillándote. Te llaman ""incompetente"" y se ríen de tu consultora.";"Borro el tweet/informe y bloqueo a los críticos. ""Ojos que no ven, corazón que no siente"". Espero que internet olvide rápido.";ambiguity_tolerance 1;Publico una fe de erratas técnica explicando el error con datos. Aburrido, frío, profesional y correcto. Mato la emoción con burocracia.;emotional_stability 2 | risk_propensity -1 | autonomy 1;Grabo un video pidiendo perdón sinceramente y riéndome de mi propio error. Humanizo la marca y demuestro seguridad en mí mismo.;risk_propensity 3 | emotional_stability 3 | self_efficacy 1 | achievement -1 | locus_control -2;Ataco a los que me critican. Les acuso de envidia y defiendo mi dato (aunque sea erróneo) a muerte. Huida hacia adelante.;ambiguity_tolerance 1 | achievement -1;;
CONSULTORIA;21;El Cliente Amigo;Te haces muy amigo de un cliente. Cenas, copas, confidencias... Ahora te pide favores gratis constantemente (revisar emails, llamadas rápidas). Te está consumiendo 5 horas a la semana sin facturar.;Le hago los favores. La relación personal es lo primero y no quiero estropear la amistad por dinero. Confío en que me lo compensará en el futuro.;autonomy -2 | self_efficacy 2;"Le corto en seco. ""En horario laboral soy tu consultor y mi tarifa es 150€/h. Fuera soy tu amigo"". Separo mundos radicalmente, aunque se enfade.";self_efficacy 2 | autonomy 3 | risk_propensity 1 | ambiguity_tolerance -1;"Le paso las facturas detalladas de los ""favores"" a final de mes sin avisar. Si es mi amigo, entenderá que mi trabajo se paga y no abusará.";ambiguity_tolerance 1;"Me invento que tengo un ""socio financiero"" o un auditor estricto que no me deja trabajar gratis para no tener que decirle que no yo mismo.";autonomy 3 | innovativeness 2 | self_efficacy 1 | risk_propensity -1 | achievement -1;;
CONSULTORIA;22;Nicho Desconocido;"Te llega un cliente de un sector que no tocas (ej: Ingeniería Nuclear) pidiendo estrategia. Paga muy bien y dice que confía en tu ""metodología general"". No tienes ni idea del sector y puedes fallar estrepitosamente.";"Lo cojo. Aprendo sobre la marcha leyendo todo el fin de semana. ""Fake it till you make it"". El dinero es dinero y soy lo bastante listo para adaptarme.";innovativeness 3 | risk_propensity 3 | self_efficacy 1 | achievement -1 | locus_control -2;Lo derivo a un colega experto en ese sector a cambio de una comisión comercial. Prefiero ganar menos pero asegurar la calidad y mi reputación.;self_efficacy 2 | emotional_stability 2 | achievement 2 | ambiguity_tolerance -1;Le digo que no honestamente. Solo hago mi especialidad. Mi posicionamiento es sagrado y no quiero diluir mi marca siendo un generalista mediocre.;autonomy 3 | innovativeness 2 | self_efficacy 1 | achievement -1;Subcontrato a un experto en nuclear en secreto y yo hago de intermediario (Project Manager), cobrando el margen entre los dos sin que el cliente sepa.;achievement 3 | emotional_stability -1;;
CONSULTORIA;23;Oficina o Coworking;"El equipo crece a 5 personas. Quieren una oficina ""chula"" con logo en la puerta para sentirse importantes y crear cultura. Cuesta 3.000€/mes fijos. Ahora estáis en un coworking barato y flexible.";Alquilamos la oficina. La imagen vende y crea espíritu de cuerpo (Esprit de Corps). Es una inversión en cultura, marca y retención de talento.;emotional_stability 2 | risk_propensity 2 | self_efficacy 1 | achievement -1 | locus_control -2;Seguimos en Coworking o nos vamos a Remoto. Gastar en ladrillo es de viejos tiempos. Prefiero gastar ese dinero en bonus, software o formación.;achievement 4 | emotional_stability -1;Alquilo un piso residencial grande y barato y lo usamos de oficina (ilegal pero acogedor). Ahorramos costes y estamos juntos como una familia.;risk_propensity 2 | self_efficacy 1 | innovativeness 1 | emotional_stability -1 | locus_control -2;Les digo que si facturamos 1M€ este año, tendrán la mejor oficina de la ciudad. Uso el deseo como zanahoria de ventas para motivar.;ambiguity_tolerance 1 | achievement -1;;
CONSULTORIA;24;El Socio que se Divorcia;Tu socio se está divorciando de forma traumática. Su ex reclama la mitad de sus acciones en la empresa como parte de los gananciales. Podrías acabar teniendo a su ex-pareja (que te odia) sentada en el consejo.;Le presto dinero personal a mi socio para que pueda comprar su parte a la ex y mantenerla fuera de la empresa. Protejo el negocio y a mi amigo.;emotional_stability 3 | risk_propensity 2 | self_efficacy 1 | locus_control -2 | achievement -1;"Aprovecho para comprarle yo las acciones a mi socio a precio de saldo (está desesperado) y quedarme el control total. ""A río revuelto, ganancia de pescadores"".";achievement 2 | emotional_stability -1;No hago nada. Es su problema personal. Si entra la ex, ya lidiaré con ella. Me mantengo al margen para no salpicarme en su drama.;autonomy 2 | ambiguity_tolerance 1 | risk_propensity -1 | emotional_stability 2;Activo las cláusulas del pacto de socios (si existen) o fuerzo una ampliación de capital para diluir las acciones en disputa y quitarles valor.;ambiguity_tolerance 1 | achievement -1;;
CONSULTORIA;25;Vender Humo (TEDx);"Tienes la oportunidad de dar una charla TEDx. Es genial para el ego, pero no tienes ninguna ""idea revolucionaria"" real que contar. Tienes 2 meses para prepararte y mucha presión.";Voy y suelto lugares comunes motivacionales con buena oratoria. Lo importante es tener la foto con el logo TED rojo para ponerlo en mi web y subir caché.;ambiguity_tolerance 1;Declino la invitación. Si no tengo nada de valor real que aportar, prefiero callar. No quiero ser otro vendehumos más en YouTube.;emotional_stability 3 | risk_propensity -1 | autonomy 1;Me preparo una charla provocadora y polémica, aunque no esté 100% convencido, solo para hacerme viral. El fin justifica los medios.;autonomy 3 | innovativeness 2 | self_efficacy 1 | achievement -1;Contrato a un guionista de comedia o experto en storytelling para que me escriba el monólogo y yo lo actúo. Soy el mensajero de un buen mensaje.;self_efficacy 1 | innovativeness 2 | ambiguity_tolerance -1 | achievement -1;;
CONSULTORIA;26;Dependencia Tecnológica;Todo tu negocio depende de un software de terceros (ej: Notion, Salesforce). Anuncian que suben precios un 300% el mes que viene. Estás cautivo (Vendor Lock-in) y migrar sería un infierno.;Pago y me aguanto. El coste de migrar todo es superior a la subida de precio en horas de trabajo. Soy rehén, pero soy pragmático.;achievement 3 | locus_control 2 | emotional_stability -1;Migro todo a Open Source en un fin de semana infernal de 48h sin dormir. Nadie me extorsiona. Recupero mi soberanía tecnológica a cualquier coste.;autonomy 3 | innovativeness -1 | emotional_stability 2;Les amenazo públicamente en redes con irme y llevarme a mis clientes si no me mantienen el precio. Juego al póker de la presión mediática.;self_efficacy 2 | risk_propensity 2 | ambiguity_tolerance -1 | locus_control -2;"Repercuto la subida directamente a mis clientes con un email explicando la ""inflación tecnológica"". Que lo paguen ellos si quieren el servicio.";emotional_stability 2 | achievement 3 | self_efficacy 1 | risk_propensity -1;;
CONSULTORIA;27;El Sabotaje Interno;Descubres que un empleado que acabas de despedir borró carpetas importantes de Google Drive antes de irse. Tienes backup, pero ha sido un acto de mala fe evidente y dañino.;Le denuncio penalmente por daños informáticos. Quiero que tenga antecedentes para que no se lo haga a nadie más. Justicia y castigo ejemplar.;emotional_stability 3 | risk_propensity -1 | autonomy 1;Restauro el backup y paso página. No quiero gastar energía ni dinero en abogados. El mejor desprecio es no hacer aprecio y seguir facturando.;ambiguity_tolerance 3 | achievement 4 | risk_propensity -1;Le llamo y le amenazo físicamente o a gritos. Pierdo los papeles ante la traición. Es personal y quiero que sienta miedo.;emotional_stability -2;Hago público lo que ha hecho en mi sector (lista negra informal) para que nadie le contrate jamás. Venganza social y reputacional.;self_efficacy 1 | ambiguity_tolerance -1;;
CONSULTORIA;28;Salud Mental vs Cliente;Estás pasando por una depresión leve. Te cuesta levantarte de la cama. Tienes una reunión clave con un cliente para presentar resultados. No tienes fuerzas para sonreír ni vender.;"Voy a la reunión, me pongo la ""máscara"" de profesional y finjo estar a tope. Nadie tiene por qué saber mis problemas. El show debe continuar.";achievement 4 | emotional_stability -1;"Cancelo la reunión diciendo que tengo ""Gripe"" o ""Fiebre"". Una mentira piadosa para ganar 2 días de recuperación en la cama sin dar explicaciones.";emotional_stability 2 | risk_propensity -1 | autonomy 1;"Le digo la verdad al cliente: ""No estoy en mi mejor momento personal, ¿podemos posponer?"". Apuesto por la vulnerabilidad y la empatía humana.";emotional_stability 3 | risk_propensity 2 | self_efficacy 1 | achievement -1 | locus_control -2;Mando a mi socio o a un empleado senior en mi lugar, aunque el cliente esperase verme a mí. Delego porque no soy imprescindible y debo aceptarlo.;self_efficacy 2 | ambiguity_tolerance 2 | achievement -1;;
CONSULTORIA;29;El Pelotazo Ajeno;Un contacto te propone entrar en un negocio rápido de importación de de consumibles tecnológicos (o similar, coyuntural). 50k de beneficio en 1 semana garantizado. No es tu sector, pero es dinero fácil y rápido.;Lo hago. El dinero no tiene sector. Uso ese capital para financiar mi consultora o darme un bonus. Oportunidad es oportunidad y hay que cogerla.;innovativeness 3 | self_efficacy 1 | achievement -1;"No. ""Zapatero a tus zapatos"". Me distraería de mi foco principal y mi marca podría sufrir si sale mal. Sigo con mi consultoría picando piedra.";innovativeness 2 | self_efficacy 1 | achievement -1 | emotional_stability -1;Lo hago a través de una sociedad instrumental a nombre de mi pareja para que no se me vincule, pero cojo el dinero. Avaricia con precaución.;risk_propensity 2 | self_efficacy 1 | emotional_stability -1 | locus_control -2;Le paso el contacto a otro y le pido una comisión del 10% por la introducción. Gano menos, pero no trabajo nada y no me arriesgo.;achievement 3 | emotional_stability -1;;
CONSULTORIA;30;El Legado;Llevas 20 años en el sector. Estás cansado y piensas en el final. ¿Qué quieres que ponga en la placa de tu despedida o en tu obituario profesional?;"""Hizo mucho dinero"". Al final, esto es un negocio y el éxito se mide en la cuenta bancaria. Lo demás es poesía para perdedores.";locus_control 2 | achievement 3 | emotional_stability 2 | risk_propensity -1;"""Ayudó a sus clientes a crecer"". Mi satisfacción es ver que las empresas que toqué mejoraron. Vocación de servicio y utilidad real.";ambiguity_tolerance 1;"""Fue libre"". Hice lo que quise, cuando quise y con quien quise. No me hice rico, pero fui dueño de mi tiempo y mi destino.";autonomy 3 | locus_control 3 | innovativeness -1;"""Cambió las reglas del juego"". Innové en un sector aburrido y dejé una huella metodológica. Fui un pionero que abrió camino.";innovativeness 3 | self_efficacy 1 | achievement -1;;
CONSULTORIA;31;La Niebla de Guerra;El mercado ha cambiado de golpe por una nueva regulación. Nadie sabe qué pasará el próximo trimestre. Los datos son contradictorios y tu equipo te mira buscando certezas que no tienes.;Avanzo con la mejor hipótesis disponible. Declaro un nuevo rumbo con seguridad (aunque tenga dudas) porque el equipo necesita un líder que marque dirección, no dudas.;self_efficacy 2 | ambiguity_tolerance 2 | risk_propensity 2 | achievement -1 | locus_control -2;Congelo todas las inversiones y contrataciones hasta tener al menos un informe jurídico claro o ver qué hace la competencia. La prudencia es la madre de la supervivencia.;locus_control 2 | risk_propensity -1 | emotional_stability 2 | autonomy 1;Reúno al equipo y les explico la incertidumbre total. Creamos tres escenarios posibles y grupos de trabajo para cada uno. Diluyo la decisión en la inteligencia colectiva.;self_efficacy 1 | emotional_stability 2 | innovativeness 2 | locus_control -2 | achievement -1;Copio inmediatamente la estrategia del líder del mercado. Ellos tendrán más información que nosotros, así que seguir su estela es lo más seguro.;innovativeness -2 | emotional_stability 2 | autonomy 1;;
CONSULTORIA;32;Golpe Inesperado;Un proveedor crítico de servicios en la nube ha sufrido un incendio. Has perdido datos de la última semana. No tenías un backup externo reciente (fallo tuyo). Los clientes están furiosos y piden cabezas.;"Asumo la culpa públicamente. ""Ha sido error mío por no supervisar el backup"". Ofrezco compensaciones de mi propio bolsillo/bonus si hace falta. La responsabilidad es indelegable.";locus_control 3 | emotional_stability 2 | self_efficacy 1 | achievement -1;"Busco al responsable técnico de infraestructuras y le culpo del desastre ante los clientes. ""El protocolo falló"". Salvo la imagen de la empresa sacrificando un peón.";emotional_stability -2;"Minimizo el problema. Les digo a los clientes que ""es un estándar de la industria"" y que la pérdida es mínima. Intento normalizar la catástrofe para que no haya pánico.";self_efficacy 1 | risk_propensity 1 | emotional_stability -1;Me encierro en la oficina a trabajar en la recuperación técnica manual de datos, ignorando las llamadas de clientes hasta que tenga una solución. Acción antes que palabras.;achievement 3 | emotional_stability -1;;
CONSULTORIA;33;La Soledad del Mando;"Tienes que tomar una decisión impopular: cerrar la oficina física para siempre y ser 100% remotos para salvar costes. Tus socios no se mojan, dicen ""lo que tú veas"". Tus empleados aman la oficina.";Ejecuto la decisión basándome en los números. La soledad es el precio del cargo. Comunico la decisión con firmeza y empatía, pero sin pedir permiso.;autonomy 2 | emotional_stability 2 | innovativeness -1;"Pos pongo la decisión un mes más a ver si los números mejoran solos. Me aterra ser el ""malo de la película"" y romper el buen ambiente.";autonomy 3 | self_efficacy -1;Busco un consultor externo o un mentor para que valide mi decisión. Necesito que alguien con autoridad me diga que estoy haciendo lo correcto.;ambiguity_tolerance 1;Hago una encuesta vinculante a los empleados. Si ellos quieren oficina, nos quedamos, aunque tengamos que bajarnos el sueldo todos. Democratizo la crisis.;emotional_stability 2 | risk_propensity 2 | self_efficacy 1 | achievement -1 | locus_control -2;;
CONSULTORIA;34;El Caos Creativo;Tu producto actual funciona y da dinero, pero es metodológicamente aburrido. Ves una oportunidad de cambiarlo todo por una metodología nueva muy arriesgada pero revolucionaria. Nadie te lo pide.;Sí. La innovación es supervivencia. Si no nos canibalizamos nosotros mismos con algo nuevo, vendrá otro y nos matará. Empiezo la transición aunque duela.;innovativeness 3 | risk_propensity 2 | self_efficacy 1 | achievement -1 | locus_control -2;"No. ""If it ain't broke, don't fix it"". Optimizamos márgenes, mejoramos el servicio actual y nos olvidamos de modas. Pragmatismo y caja.";achievement 2 | emotional_stability -1;Creo un departamento de I+D separado (Skunkworks) para probar la nueva metodología sin tocar la vaca lechera actual. Innovación ambidiestra y segura.;innovativeness 3 | emotional_stability 2 | self_efficacy 1 | achievement -1;"Espero a ver si la competencia adopta la nueva metodología. Seré un ""Fast Follower"" si veo que funciona, pero no seré el conejillo de indias.";ambiguity_tolerance 2 | achievement -1;;
CONSULTORIA;35;La Meta Imposible;Te has puesto un objetivo anual de facturar 1M€. Estamos en Agosto y vas por 300k. Todo indica que no llegarás. El equipo está desmotivado por ver la meta tan lejos. Es agotador seguir empujando.;"Mantengo la meta y redoblo la presión. ""El objetivo no se toca, se toca la estrategia"". Creo un plan de guerra para los últimos 4 meses. El logro está en la superación.";achievement 4 | emotional_stability 2 | locus_control -2;Reajusto la meta a 600k. Es un objetivo desafiante pero alcanzable. Prefiero que el equipo termine el año con una victoria psicológica que con un fracaso glorioso.;innovativeness 2 | locus_control 2 | self_efficacy 1 | achievement -1;"Culpo al mercado y a la situación económica. ""Nadie está vendiendo este año"". Acepto que no llegaremos y bajo el ritmo para no quemarnos.";ambiguity_tolerance 1;"Cambio el objetivo. Dejamos de mirar facturación y pasamos a mirar ""Satisfacción de Cliente"". Cambio las reglas del juego a mitad de partido para sentir que ganamos.";innovativeness 2 | self_efficacy 1 | achievement -1;;
CONSULTORIA;36;Información Incompleta;Tienes que elegir entre dos estrategias: A (estable pero lenta) o B (rápida pero nueva y sin probar). Tienes el 40% de la información necesaria. Conseguir más datos tardaría 2 meses que no tienes.;Decido YA basándome en mi intuición y experiencia. Si me equivoco, corregiremos, pero la parálisis es peor que el error. Acción imperfecta.;autonomy 2 | ambiguity_tolerance 2 | risk_propensity 2 | self_efficacy 1 | innovativeness -1 | locus_control -2;Elijo la A (Estable). Ante la duda, la seguridad es lo primero. Prefiero tener problemas de velocidad futuros que problemas de rotura hoy.;innovativeness -1 | emotional_stability 2 | autonomy 1;Contrato a un experto freelance por horas para que analice las dos opciones en 1 semana. Compro certeza con dinero y gano tiempo.;innovativeness 2 | self_efficacy 1 | locus_control 2 | risk_propensity -1 | achievement -1;Lanzamos una moneda al aire (metafóricamente). Ambas opciones tienen riesgos, así que elijo la que más motive al equipo en este momento.;self_efficacy 1 | ambiguity_tolerance -1;;
CONSULTORIA;37;Crítica Pública Viral;Un ex-empleado resentido publica un hilo en Twitter contando intimidades vergonzosas de la empresa (caos, desorden, malas decisiones). Se hace viral. Tu imagen personal está en entredicho.;"No respondo. Mi estabilidad emocional no depende de Twitter. Dejo que pase la tormenta y sigo trabajando. ""Los hechos hablarán más alto"".";emotional_stability 2 | ambiguity_tolerance 2 | achievement 3 | risk_propensity -1;Publico un post reconociendo los errores reales mencionados (vulnerabilidad) y explicando cómo hemos mejorado desde entonces. Desactivo el ataque con humildad.;emotional_stability 3 | self_efficacy 1 | ambiguity_tolerance 2 | risk_propensity -1;Le demando por revelación de secretos y difamación. Voy a por todas para defender mi honor y el de la empresa. Tolerancia cero.;emotional_stability 2 | risk_propensity -1 | autonomy 1;Me afecta profundamente. Me encierro en casa unos días y pienso en dejarlo todo. Siento que todo el esfuerzo no ha valido la pena.;ambiguity_tolerance -2;;
CONSULTORIA;38;Burocracia vs Agilidad;La empresa ha crecido a 30 personas. Empieza a haber descontrol. Tu socio propone implementar OKRs, fichaje horario y reportes semanales. Tú temes perder la frescura de startup.;"Implemento un ""Mínimo Control Viable"". Unas pocas reglas claras, pero mantengo la libertad. La autonomía es sagrada para innovar.";emotional_stability 3 | autonomy 2 | self_efficacy 1 | risk_propensity -1;Acepto la burocratización total. Necesitamos orden para escalar. Si perdemos frescura, es el precio de hacernos mayores. Excel y procesos para todo.;achievement 4 | innovativeness -1;"Rechazo los procesos. ""Somos piratas, no la Marina"". Prefiero el caos creativo que el orden estéril. Confío en la auto-organización.";ambiguity_tolerance 2 | autonomy 2 | self_efficacy -1;Copio el manual de cultura de una gran empresa y lo implanto tal cual, esperando que funcione por arte de magia y ponga orden.;emotional_stability 1 | risk_propensity -1 | autonomy 1;;
CONSULTORIA;39;El Esfuerzo sin Premio;"El equipo ha trabajado un fin de semana entero para una entrega y el cliente ha rechazado el trabajo por ""no cumplir expectativas"". El equipo está destrozado y pide reconocimiento por el esfuerzo.";"Les digo la verdad: ""El esfuerzo sin resultados es irrelevante en el mundo real"". Analizamos por qué fallamos para no repetirlo. Dureza constructiva.";achievement 3 | locus_control 2 | emotional_stability -1;Les felicito por la entrega y les pago una cena. Valoro la actitud por encima del resultado puntual. Necesito mantener la moral alta.;emotional_stability 2 | self_efficacy 1 | risk_propensity -1;Me peleo con el cliente. Defiendo que el trabajo es bueno y que su criterio es erróneo. Protejo a mi equipo atacando fuera.;emotional_stability 2 | risk_propensity -1 | autonomy 1;Bajo el nivel de exigencia para el próximo sprint. Veo que están quemados y prefiero ir más lento pero seguros. Cuido la máquina.;achievement -1;;
CONSULTORIA;40;Reinvención Personal;Te das cuenta de que tus habilidades técnicas (ejecutar proyectos) ya no son lo que la empresa necesita. Ahora hace falta gestión, ventas y hablar con inversores. Odias hacer eso.;Me reinvento. Aprendo finanzas y ventas a marchas forzadas. Me convierto en el CEO que la empresa necesita, aunque me duela salir de mi zona de confort.;innovativeness 2 | locus_control 2 | self_efficacy 1 | achievement -1;Contrato a un CEO profesional y yo vuelvo a ser Técnico. Conozco mis fortalezas y no voy a ser mediocre en un puesto que odio por ego.;locus_control 2 | emotional_stability 2 | self_efficacy 1 | achievement 3 | risk_propensity -1;"Sigo haciendo lo técnico (micromanagement) e ignoro la gestión, esperando que ""alguien"" lo haga o que no sea tan importante.";self_efficacy -2;Vendo la empresa. Si ya no puedo hacer lo que me gusta (el trabajo real), este proyecto ha dejado de tener sentido para mí.;emotional_stability 2 | achievement -1;;
PYME;1;El Cliente Único;Tienes un cliente que supone el 80% de tu facturación mensual. Te acaba de llamar exigiendo una bajada de precios del 20% o se lleva la producción a otro taller. Si aceptas, tu margen desaparece y trabajarás gratis. Si te niegas, quiebras mañana por falta de liquidez.;Me niego rotundamente y activo un plan de crisis para buscar clientes nuevos esta misma semana. Prefiero morir de pie luchando por mi valor que vivir de rodillas como un esclavo.;risk_propensity 3 | self_efficacy 1 | autonomy 2 | emotional_stability -1 | locus_control -2;Acepto la bajada temporalmente. La supervivencia es lo primero. Ya buscaré la forma de reducir costes por otro lado (quizás bajando calidad o despidiendo) para recuperar el margen más adelante.;achievement 4 | emotional_stability -1;Negocio una bajada menor (10%) a cambio de mejores condiciones de pago (pronto pago) o mayor volumen garantizado por contrato. Intento salvar los muebles con mano izquierda.;self_efficacy 2 | emotional_stability 2 | locus_control 2 | ambiguity_tolerance -1;Le miento diciendo que tengo otra oferta de un cliente grande esperando para entrar, para ver si se asusta y retira la amenaza. Me juego el futuro a un farol.;risk_propensity 2 | innovativeness 2 | self_efficacy 1 | emotional_stability -1 | achievement -1 | locus_control -2;;
PYME;2;Inversión a Vida o Muerte;Tu máquina principal es vieja y lenta, lo que te hace perder pedidos. Una nueva cuesta 50.000€ (todo tu beneficio acumulado de 3 años). Si la compras, serás competitivo pero te quedas sin colchón de seguridad ante cualquier imprevisto. Si no, seguirás languideciendo lentamente.;Compro la máquina. Hay que invertir para crecer. Si viene una crisis, me pillará sin dinero en el banco, pero con capacidad de producción moderna. Apuesto todo al futuro.;risk_propensity 3 | achievement 4 | self_efficacy 1 | emotional_stability -1 | locus_control -2;"No compro. ""Guardar para cuando no haya"". Sigo con la vieja, reparándola con parches caseros. La seguridad financiera y dormir tranquilo es mi única prioridad.";ambiguity_tolerance 1;Busco un leasing o financiación externa para no descapitalizarme, aunque pague intereses altos. Compro velocidad manteniendo mi liquidez para emergencias.;innovativeness 2 | emotional_stability 2 | self_efficacy 1 | achievement -1;Compro una máquina de segunda mano o de una marca blanca china, más barata pero con riesgo de avería. Solución intermedia de bajo coste y riesgo medio.;innovativeness 3 | self_efficacy 1 | risk_propensity 1 | achievement -1;;
PYME;3;Digitalizarse o Morir;"Sigues llevando los pedidos en papel y Excel. Tu competencia usa un ERP moderno y CRM. Tu equipo administrativo (gente mayor de confianza) se niega a cambiar y aprender software nuevo. ""Siempre se ha hecho así y funciona"", te dicen.";"Impongo la digitalización por decreto. ""O os adaptáis o os vais"". La empresa no puede ser un museo por culpa de la comodidad de nadie. Contrato formación obligatoria.";self_efficacy 2 | emotional_stability 2 | ambiguity_tolerance -1;Lo dejo estar. Valoro más la paz social y que el trabajo salga (aunque lento) que pelearme con mi gente de toda la vida. La tecnología puede esperar, la lealtad no.;emotional_stability 1 | risk_propensity -1 | autonomy 1;Contrato a un joven digital para que haga de puente humano: él mete los datos en el sistema mientras los mayores siguen con sus papeles. Parcheo la situación con coste extra.;ambiguity_tolerance 1;Implemento el cambio muy poco a poco, módulo a módulo, tardando 2 años en vez de 3 meses, para no asustarles. Estrategia de la rana hervida.;ambiguity_tolerance 3 | innovativeness 2 | emotional_stability 2 | self_efficacy 1 | achievement -1;;
PYME;4;El Familiar Incompetente;"Tu cuñado trabaja contigo en el almacén. Es buena persona pero un desastre trabajando: lento y comete errores que cuestan dinero. La familia te presiona para que no le eches porque ""le hace falta el dinero"".";"Le despido. ""La empresa no es una beneficencia"". Separo familia y negocios radicalmente, aunque me cueste la cena de Navidad y el enfado de mi pareja.";achievement 4 | autonomy 2 | emotional_stability -1;"Le mantengo pero le quito responsabilidades críticas. Le pongo a barrer o hacer recados inocuos. Asumo su sueldo como un ""impuesto familiar"" inevitable.";locus_control 3 | emotional_stability -1;Le pago un curso de formación y le pongo un mentor para ver si mejora. Invierto en él por cariño, esperando que cambie (aunque sé que es difícil).;ambiguity_tolerance 3 | achievement -1;Le busco trabajo en la empresa de un amigo (enchufado) para sacármelo de encima sin que parezca un despido directo.;self_efficacy 1 | ambiguity_tolerance -1;;
PYME;5;La Tentación Fiscal;"Tu gestor te dice que si pasas ciertos gastos personales (coche familiar, compra del súper, viajes) como gastos de empresa, te ahorras 4.000€ en impuestos este año. ""Todo el mundo lo hace"", dice. El riesgo de inspección es bajo, pero existe.";Lo paso todo. 4.000€ son 4.000€. El sistema es injusto con las PYMES y hay que defenderse como sea. Asumo el riesgo como parte del juego.;locus_control 3 | achievement 3 | emotional_stability -2;No paso nada ilegal. Quiero dormir tranquilo. Si viene una inspección, quiero que me den la enhorabuena. La tranquilidad mental vale más que ese dinero.;emotional_stability 3 | risk_propensity -1 | autonomy 1;"Paso solo ""lo gris"" (comidas de trabajo dudosas), pero no lo descarado (viaje a Disney). Busco el límite de lo aceptable sin cruzarlo del todo.";self_efficacy 2 | emotional_stability 2 | autonomy 2 | ambiguity_tolerance -1;Cambio de gestor. Si me propone fraudes, no me fío de él. Busco uno más riguroso aunque me haga pagar más impuestos.;innovativeness 2 | self_efficacy 1 | achievement -1;;
PYME;6;La Baja del Empleado Clave;Tu encargado, el único que sabe manejar la máquina crítica, se ha roto una pierna. 3 meses de baja. No tienes a nadie más formado. Los pedidos se acumulan y los clientes gritan.;Me pongo el mono de trabajo y bajo al taller a hacerlo yo mismo, echando 14 horas al día. El dueño tapa los agujeros con su propio cuerpo y sacrificio.;locus_control 3 | ambiguity_tolerance 2 | emotional_stability -1;Llamo a una ETT o busco un freelance urgente. Pago el doble de sueldo si hace falta, pero no paro la producción ni me quemo yo. El dinero soluciona problemas.;innovativeness 3 | self_efficacy 1 | risk_propensity 2 | achievement -1 | locus_control -2;Llamo a los clientes y les digo la verdad: habrá retrasos. Apelo a su comprensión y cancelo pedidos si es necesario. Prefiero honestidad a reventar.;emotional_stability 3 | locus_control 2 | self_efficacy 1 | risk_propensity -1;"Le pido al empleado de baja que venga ""solo a supervisar sentado"" o que trabaje desde casa en negro si es posible. Fuerzo la legalidad por pura necesidad.";autonomy 2 | emotional_stability 1 | innovativeness -1;;
PYME;7;Vender o Heredar;Tienes 60 años. Tus hijos no quieren la empresa, quieren ser artistas. Un competidor te ofrece comprarla, pero sabes que despedirá a tu plantilla de toda la vida para quedarse con la cartera de clientes. Tú quieres jubilarte ya.;"Vendo. ""El que venga detrás que arree"". He trabajado toda la vida y merezco mi descanso y mi dinero. No soy responsable del mundo una vez me vaya.";locus_control 3 | autonomy 2 | emotional_stability -1;No vendo. Me quedo trabajando hasta morir o hasta encontrar un sucesor que respete a mi gente. Mi lealtad a mis empleados es absoluta, son mi familia.;emotional_stability 3 | locus_control 3 | risk_propensity -1;Les propongo a los empleados que se queden la empresa ellos (Cooperativa / MBO). Les doy facilidades de pago para que la compren poco a poco.;ambiguity_tolerance 3 | achievement -1;Contrato a un gerente externo profesional para que la lleve mientras yo sigo cobrando dividendos como dueño. Mantengo la propiedad pero no el trabajo.;locus_control 3 | self_efficacy 1 | risk_propensity 1 | emotional_stability -1;;
PYME;8;La Guerra de Precios Local;Ha abierto una franquicia low-cost en tu misma calle. Venden lo mismo que tú a mitad de precio. Tus ventas han bajado un 30% en un mes. No puedes competir en precio sin perder dinero en cada venta.;"Subo los precios y mejoro la calidad. Me diferencio por servicio, trato personal y excelencia. Me convierto en la opción ""Premium"" del barrio.";innovativeness 3 | risk_propensity 2 | self_efficacy 1 | achievement -1 | locus_control -2;Bajo los precios y entro en guerra total. Recorto costes, despido gente y compro peor material. A ver quién aguanta más la respiración antes de quebrar.;ambiguity_tolerance 1;No hago nada. Confío en que la franquicia cerrará pronto o que mis clientes fieles volverán cuando vean que lo barato sale caro. Resistencia pasiva.;ambiguity_tolerance 3 | achievement -1;"Busco alianzas con otros comercios del barrio para hacer promociones conjuntas y crear un frente común. ""Comercio Local Unido"".";self_efficacy 2 | innovativeness 2 | ambiguity_tolerance -1 | achievement -1;;
PYME;9;El Agujero del Impagado;Una empresa grande para la que trabajaste ha entrado en concurso de acreedores y te ha dejado a deber 20.000€. Es todo tu beneficio del año. Tienes rabia y miedo por tu propia solvencia.;Doy el dinero por perdido, aprendo la lección (seguro de crédito para la próxima) y me centro obsesivamente en vender más para tapar el agujero. Miro al futuro.;ambiguity_tolerance 3 | innovativeness 2 | self_efficacy 1 | achievement -1 | risk_propensity -1;Me obsesiono con recuperarlo. Contrato abogados, detectives y les llamo cada día. Gasto energía y dinero en perseguir el pasado por principio de justicia.;achievement 4 | emotional_stability 2 | risk_propensity -1;Recorto gastos de todos lados (luz, agua, cafés, limpieza) en la empresa hasta recuperar esos 20k céntimo a céntimo. Impongo una economía de guerra.;ambiguity_tolerance 1;Lo oculto a mi equipo y a mi familia para no preocuparles, y sufro la ansiedad en silencio mientras intento taparlo con nuevos trabajos.;locus_control 2 | emotional_stability -1;;
PYME;10;Expansión Peligrosa;Te va muy bien en tu ciudad. Te proponen abrir una sucursal en la ciudad de al lado. Implica pedir un préstamo grande y doblar la estructura de personal. Si sale mal, la deuda puede arrastrar a la empresa original y perderlo todo.;"Me lanzo. ""Quien no avanza, retrocede"". Tengo el modelo validado y es el momento de crecer. Asumo el riesgo financiero por la gloria de ser una cadena.";risk_propensity 2 | ambiguity_tolerance 2 | self_efficacy 1 | locus_control -2 | emotional_stability -1;"Me quedo como estoy. ""Virgencita, que me quede como estoy"". Vivo bien, gano dinero y duermo tranquilo. No necesito más líos ni más dinero.";ambiguity_tolerance 1;Busco un socio local en la otra ciudad para franquiciar o ir a medias. Comparto el riesgo y el beneficio. Crezco con paracaídas.;self_efficacy 2 | innovativeness 2 | ambiguity_tolerance -1 | achievement -1;"Abro una ""pop-up"" o tienda temporal barata para probar el mercado antes de invertir en serio. Testeo con gaseosa antes de beber.";risk_propensity 3 | self_efficacy 1 | emotional_stability -1 | locus_control -2;;
PYME;11;Envidia por el Teletrabajo;Tus administrativos quieren teletrabajar dos días por semana, pero los operarios de almacén/taller no pueden por la naturaleza de su trabajo. Si das teletrabajo a unos, los otros se sentirán discriminados y habrá mal ambiente.;"Nadie teletrabaja. ""O todos moros o todos cristianos"". La equidad y el compañerismo son lo primero. Solidaridad presencial obligatoria para mantener el equipo unido.";ambiguity_tolerance 1;Teletrabajo para quien pueda. El mundo ha cambiado y no puedo frenar el progreso por envidias. Explico claramente que son puestos diferentes con condiciones diferentes.;ambiguity_tolerance 1;Doy teletrabajo a los de oficina y un plus económico o días libres extra a los de taller para compensar la falta de flexibilidad. Busco el equilibrio con dinero.;self_efficacy 2 | emotional_stability 2 | innovativeness 2 | ambiguity_tolerance -1 | achievement -1;Hago rotaciones para que los de oficina vengan a veces y no pierdan el contacto con la realidad del taller. Intento nadar y guardar la ropa.;ambiguity_tolerance 1 | achievement -1;;
PYME;12;El Proveedor Único;Dependes al 100% de un proveedor que te da buen precio y mucho crédito. Si él falla o cierra, tú paras mañana. Te da miedo esa dependencia, pero buscar otros es más caro y trabajoso.;"Busco dos proveedores más ya mismo, aunque sean un 10% más caros. Diversifico el riesgo urgentemente. ""No poner todos los huevos en la misma cesta"".";innovativeness 3 | self_efficacy 1 | achievement -1;Sigo con él y le cuido. He construido una relación de confianza de años. Si tengo problemas, él me ayudará. Apuesto por la relación personal.;emotional_stability 3 | ambiguity_tolerance 2 | risk_propensity 1 | achievement -1 | self_efficacy -2;Le exijo un contrato de suministro garantizado con penalizaciones. Intento blindarme legalmente ante su posible fallo, poniendo burocracia por medio.;ambiguity_tolerance 1;Compro stock de seguridad para 3 meses por si acaso y alquilo un almacén extra. Invierto dinero en stock para dormir tranquilo.;emotional_stability 3 | risk_propensity -1 | autonomy 1;;
PYME;13;Innovación vs Tradición;"Fabricas un producto tradicional (ej: muebles artesanos). El mercado pide cosas modernas, baratas y de entrega rápida (tipo Ikea). Tu encargado de taller, un artesano viejo, dice que ""eso no es calidad"" y se niega a bajar el estándar.";Mantengo la tradición. Somos artesanos. Moriremos con las botas puestas si hace falta, pero no haremos basura. Mi marca es mi calidad y mi historia.;emotional_stability 3 | risk_propensity -1;"Creo una segunda línea ""Joven"" más barata y moderna, fabricada fuera o con máquinas, para pagar las facturas de la línea artesana deficitaria.";innovativeness 3 | self_efficacy 1 | achievement -1;Modernizo el taller con control numérico. Despido a los artesanos puristas y paso a producción semi-industrial. El mercado manda y hay que adaptarse.;achievement 3 | emotional_stability -1;"Vendo la marca como ""Lujo exclusivo"" y subo precios x10. Si somos viejos, somos vintage y caros. Busco al cliente rico que valora lo hecho a mano.";innovativeness 2 | self_efficacy 1 | achievement -1;;
PYME;14;El Banco Cierra el Grifo;"El banco te comunica que te cancela la póliza de crédito de repente por ""cambio de política de riesgos"". Te quedas sin liquidez operativa mañana. Tienes pedidos firmados pero no dinero para comprar material.";Busco financiación alternativa urgente (Fintech, Crowdlending, Prestamistas) aunque sea mucho más cara. El dinero es la sangre del negocio, pago lo que sea por él.;innovativeness 3 | risk_propensity 3 | self_efficacy 1 | achievement -1 | locus_control -2;"Pido anticipos a los clientes. Les explico la verdad y les pido ayuda. ""Si queréis el producto, pagad por adelantado"". Transparencia radical y confianza.";self_efficacy 1 | ambiguity_tolerance 2 | risk_propensity 1 | achievement -1;Vendo activos personales o de la empresa (furgoneta, local) malvendidos para conseguir cash hoy. Liquido patrimonio para seguir operando. Quemo las naves.;locus_control 2 | emotional_stability -1;Reduzco la empresa al tamaño que pueda financiar con mi caja real. Cancelo pedidos y despido gente. Si tengo que hacerme pequeño, me hago pequeño.;locus_control 3 | emotional_stability 3 | achievement -1;;
PYME;15;El Ciberataque (Ransomware);Un virus ha encriptado todos los archivos de tu servidor. Te piden 5.000€ en Bitcoin para recuperarlos. No tienes copias de seguridad recientes (error tuyo). Toda la contabilidad, clientes y pedidos están ahí. Estás ciego.;Pago el rescate. Es un error mío y 5.000€ es barato comparado con perderlo todo y cerrar. Trago saliva, pago a los criminales y rezo para que cumplan.;achievement 4 | emotional_stability 2 | risk_propensity -1;No pago. Llamo a informáticos para intentar recuperar lo que sea y reconstruyo el resto a mano con facturas en papel y memoria. Trabajo de chinos, pero digno.;ambiguity_tolerance 3 | emotional_stability 2 | achievement -1;Denuncio a la policía y me siento a esperar. Me paralizo esperando que la autoridad me resuelva el problema (spoiler: no lo harán a tiempo).;ambiguity_tolerance 2 | achievement -1;"Cierro la empresa y abro otra nueva limpia. Aprovecho el desastre para hacer ""borrón y cuenta nueva"" fiscal y laboral. Huida hacia adelante.";emotional_stability -2;;
PYME;16;El Empleado Conflictivo pero Bueno;"Tienes un empleado que trabaja muy bien y saca mucha faena, pero es un ""mal bicho"". Critica a la empresa por detrás, desmotiva a los compañeros y crea mal ambiente constante.";Le despido. Una manzana podrida estropea el cesto. El rendimiento individual no compensa el daño colectivo a la cultura. Higiene mental para todos.;self_efficacy 2 | autonomy 3 | risk_propensity 2 | ambiguity_tolerance -1 | locus_control -2;Le aguanto porque saca el trabajo adelante y me cuesta dinero despedirle. Miro para otro lado y le aíslo de los demás para que no contamine.;achievement 3 | emotional_stability -1;"Hablo con él e intento ""convertirle"". Creo que puedo cambiar su actitud con cariño, coaching y liderazgo. Síndrome del salvador.";ambiguity_tolerance 3 | achievement -1;Le promociono para darle más responsabilidad, pensando que si se siente importante dejará de criticar. (Estrategia arriesgada de cooptación).;locus_control 3 | ambiguity_tolerance 1 | emotional_stability -1;;
PYME;17;Contratar al Hijo del Dueño;"Tu hijo acaba de terminar los estudios y quiere entrar en la empresa. No está preparado, no tiene actitud y quiere ser jefe, pero tu pareja te presiona. Es ""su derecho"" como heredero.";"Le digo que no. ""Vete a trabajar fuera 5 años, aprende, equivócate, y luego hablamos"". La empresa se respeta y no es una guardería. Meritocracia.";emotional_stability 3 | risk_propensity -1;"Le meto en el almacén a cargar cajas a las 6:00 AM. ""Aquí se empieza desde abajo"". Si sobrevive a la realidad, servirá. Si no, se irá él solo.";autonomy 3 | emotional_stability 1 | innovativeness -1;"Le creo un puesto de ""Adjunto a Dirección"" con buen sueldo y coche. Es mi hijo, esto es para él y la sangre tira más que el negocio.";emotional_stability -2;Le contrato pero le pongo bajo las órdenes del encargado más duro y exigente que tengo, pidiéndole que no tenga piedad con él.;self_efficacy 2 | innovativeness 2 | ambiguity_tolerance 1 | achievement -1;;
PYME;18;La Burocracia de la Calidad;Un cliente grande te exige tener la certificación ISO 9001. Implantarla es un infierno de papeles, procedimientos y un coste de 6.000€, y sabes que no mejorará tu producto real, solo es burocracia.;Lo hago. Es el peaje para jugar en las grandes ligas. Me tapo la nariz, pago, relleno los papeles y consigo el sello. Es una inversión comercial necesaria.;innovativeness 3 | self_efficacy 1 | achievement -1 | emotional_stability -1;No lo hago. Mi calidad está en el producto, no en un sello de papel. Si el cliente no lo ve, que se vaya. Resistencia a la burocracia inútil.;ambiguity_tolerance 1;"Busco una certificadora ""barata"" que me de el sello sin mirar mucho. Cumplo el trámite (tick the box) con el mínimo esfuerzo y coste.";achievement 3 | emotional_stability -1;Intento convencer al cliente de que mis controles internos son mejores que la ISO y le invito a auditarme él mismo. Trato de negociar la exigencia.;self_efficacy 2 | locus_control 2 | ambiguity_tolerance -1;;
PYME;19;El Defecto Oculto;Has fabricado 1.000 unidades con un defecto estético menor (el logo está un poco torcido). Funcionan perfecto. El cliente no lo ha notado aún y las ha recibido. Si te callas, cobras. Si lo dices, pierdes dinero.;Aviso al cliente, le cuento el defecto y le ofrezco un descuento del 20% si se las queda, o repetirlas gratis. Honestidad proactiva para ganar confianza.;emotional_stability 3 | ambiguity_tolerance 2 | risk_propensity -1;"Me callo. Si se queja, diré que no me di cuenta y actuaré sorprendido. ""Si cuela, cuela"". El defecto es mínimo y necesito cobrar.";risk_propensity 3 | self_efficacy 1 | emotional_stability -1 | locus_control -2;Las recojo todas y las repito sin que el cliente se entere. Mi marca no entrega basura. El coste de repetirlo es menor que el coste de imagen.;ambiguity_tolerance 1;Intento venderlas a otro cliente menos exigente (outlet/saldo) y fabrico nuevas para el principal. Recupero parte del coste con astucia.;innovativeness 3 | self_efficacy 1 | achievement -1 | risk_propensity -1;;
PYME;20;La Amenaza de Amazon;Vendes en tu tienda física y local. Amazon te ofrece vender tus productos en su Marketplace. Llegarás a todo el mundo, pero te cobrarán comisiones altas, te copiarán los datos y perderás el contacto directo con el cliente.;Entro en Amazon. Es donde está la gente. Si no estoy ahí, no existo. Acepto sus reglas leoninas para conseguir volumen y facturación.;innovativeness 3 | locus_control 2 | self_efficacy 1 | achievement -1;No entro. Amazon es el enemigo del comercio local. Me mantengo fiel a mi canal y mi web propia. Resistencia numantina y defensa de mi margen.;autonomy 3 | innovativeness -1 | emotional_stability 2;Entro en Amazon solo con productos gancho baratos para atraer gente, y pongo un flyer en la caja para llevarlos a mi web propia. Uso al enemigo.;autonomy 3 | innovativeness -1 | emotional_stability 2;Creo una segunda marca solo para Amazon para no canibalizar mis precios ni mi marca principal. Juego a dos bandas protegiendo mi identidad.;autonomy 2 | innovativeness -1 | emotional_stability 2;;
PYME;21;El Socio Cansado;Sois dos socios al 50%. Tu socio se ha cansado, ya no tiene ilusión y quiere vender su parte e irse a vivir al campo. Tú no tienes dinero para comprarle su mitad, pero no quieres un socio nuevo desconocido.;Me endeudo hasta las cejas con el banco para comprarle su parte. Apuesto doble por la empresa. Prefiero la deuda a tener un socio extraño.;risk_propensity 3 | achievement 3 | self_efficacy 1 | locus_control -2 | emotional_stability -1;Buscamos juntos a un tercero que compre su parte, asumiendo que tendré que entenderme con un desconocido. Cedo control por tranquilidad financiera.;innovativeness 2 | self_efficacy 1 | achievement -1 | emotional_stability -1;"Le convenzo para que se quede como socio ""silencioso"", sin trabajar pero cobrando dividendos. Cargo con todo el trabajo yo, pero mantengo el control.";self_efficacy 2 | autonomy 2 | ambiguity_tolerance -1;Vendemos la empresa entera. Si él se va, yo también. El proyecto era de los dos. Cierro una etapa y busco algo nuevo.;autonomy 3 | emotional_stability 2 | innovativeness -1;;
PYME;22;El Comercial Estrella;Tienes un comercial que vende muchísimo (trae el 40% de la facturación), pero es un mercenario. Te pide comisiones cada vez más altas y amenaza con irse a la competencia con su cartera de clientes si no cedes.;Cedo y le pago lo que pide. Soy rehén de sus ventas. Sin él, la empresa se hunde. Compro tiempo y paz con margen.;achievement -1;Le dejo ir. Nadie es imprescindible. Asumo el golpe de perder ventas a corto plazo y me pongo yo a vender para reconstruir la cartera. Independencia.;ambiguity_tolerance 3 | locus_control 3 | autonomy 2 | self_efficacy 1 | achievement -1;Contrato a dos comerciales junior para que aprendan de él (o le copien los contactos) y reducir mi dependencia poco a poco. Plan de sustitución.;innovativeness 3 | self_efficacy 1 | achievement -1;Le ofrezco acciones de la empresa para vincularle a largo plazo y que deje de pensar como mercenario. Le hago socio (esposas de oro).;self_efficacy 1 | ambiguity_tolerance -1;;
PYME;23;Multa de Inspección de Trabajo;Has tenido una inspección y te han puesto una multa de 6.000€ por un tema de prevención de riesgos (un papel que faltaba). Es injusto y recurrible, pero el recurso cuesta dinero y tiempo. Si pagas pronto, es la mitad.;Pago con descuento (3.000€) y me olvido. Me da rabia, pero mi tiempo vale más que mi razón. Pragmatismo puro y a otra cosa.;achievement 4 | ambiguity_tolerance 2 | emotional_stability -1;Recurro la multa hasta el final. Es una injusticia y no voy a regalar dinero a la administración por un papel. Cuestión de principios.;emotional_stability 3 | achievement 3 | risk_propensity -1;Busco al gestor que tenía que haber hecho ese papel y le exijo que pague él la multa o le demando por negligencia profesional.;self_efficacy 2 | ambiguity_tolerance -1;"Lloro y pataleo en la oficina, amargando a todo el mundo por la ""injusticia del sistema"", pero al final pago tarde y mal.";ambiguity_tolerance 1 | achievement -1;;
PYME;24;Crisis de Reputación Local;Ha salido un rumor en el pueblo de que tu empresa va a cerrar o que no paga a proveedores (es falso). Los clientes empiezan a preguntar y los proveedores te cortan el crédito. El rumor te está matando.;Hago una jornada de puertas abiertas o una fiesta para clientes y proveedores. Muestro músculo, sonrisas y normalidad. Mato el rumor con hechos.;emotional_stability 3 | ambiguity_tolerance 2 | risk_propensity -1;Emito un comunicado oficial serio desmintiendo los rumores y amenazando con acciones legales a quien los difunda. Defensa corporativa.;ambiguity_tolerance 1;Voy uno a uno hablando con los proveedores clave para enseñarles mis cuentas y tranquilizarles. Trabajo de hormiga en la sombra.;ambiguity_tolerance 2 | self_efficacy 1 | achievement -1;"No hago nada. ""A palabras necias, oídos sordos"". Espero que el rumor muera solo. Riesgo de que la bola de nieve crezca.";ambiguity_tolerance 2 | autonomy 2 | achievement -1;;
PYME;25;El Local en Propiedad;Llevas 10 años de alquiler. El dueño del local quiere venderlo. Te ofrece comprárselo por 200.000€. Si no, lo vende a otro y te pueden echar. Hipotecarte te ata al negocio para siempre.;Lo compro. Es mi seguridad. Me hipoteco a 20 años pero dejo de tirar dinero en alquiler. Echo raíces definitivas.;risk_propensity 2 | self_efficacy 1 | locus_control -2 | emotional_stability -1;No compro. Busco otro local de alquiler y me mudo. Prefiero la libertad de poder cerrar o moverme si el negocio va mal. Flexibilidad.;autonomy 3 | innovativeness 3 | risk_propensity 2 | self_efficacy 1 | achievement -1 | locus_control -2;Negocio un contrato de alquiler nuevo a largo plazo (15 años) con el nuevo dueño para asegurar mi posición sin comprar. Solución legal.;self_efficacy 2 | locus_control 2 | ambiguity_tolerance -1;Compro el local a nombre de una sociedad patrimonial personal (no de la empresa) para separar el ladrillo del riesgo del negocio.;innovativeness 3 | self_efficacy 1 | achievement -1;;
PYME;26;Obsolescencia del Producto;Fabricas algo que se está dejando de usar (ej: agendas de papel). Las ventas caen un 5% cada año. Tienes un negocio rentable hoy, pero muerto mañana. ¿Cuándo saltas?;Ahora. Invierto los beneficios de hoy en crear una línea de negocio totalmente nueva y digital. Canibalizo mi propio negocio antes de que muera.;innovativeness 3 | risk_propensity 2 | self_efficacy 1 | achievement -1 | locus_control -2;Aguanto hasta el final. Reduzco costes y exprimo la vaca mientras dé leche. Seré el último fabricante de agendas y me quedaré el nicho residual.;achievement 3 | emotional_stability -1;"Intento ""modernizar"" el producto viejo (agendas con QR). Un híbrido que no suele funcionar pero que da sensación de cambio.";ambiguity_tolerance 1 | achievement -1;Vendo la empresa a un competidor incauto que quiera cuota de mercado, antes de que los números bajen más. Salida a tiempo.;autonomy 2 | innovativeness -1 | emotional_stability 2;;
PYME;27;El Asesor Externo;"Te sientes estancado. Un consultor te ofrece un plan de ""Reestructuración y Crecimiento"" por 10.000€. Te promete que doblarás facturación. Te parece mucho dinero por ""consejos"".";Le contrato. Necesito una mirada externa y profesional. Yo solo no sé salir de aquí. Es una inversión en conocimiento.;autonomy 3 | ambiguity_tolerance 2 | risk_propensity 2 | self_efficacy 1 | innovativeness -1 | locus_control -2;"No le contrato. ""Nadie conoce mi negocio mejor que yo"". Los consultores venden humo. Me compro libros y aprendo yo.";self_efficacy 2 | ambiguity_tolerance -1;Le contrato solo para un diagnóstico inicial barato (1.000€) y ya decidiré si implanto yo las medidas. Pruebo antes de comprar.;autonomy 3 | self_efficacy 1 | innovativeness -1 | emotional_stability 2;Busco un mentor gratis (empresario jubilado, asociación) que me ayude por altruismo. Busco sabiduría sin coste.;innovativeness 3 | self_efficacy 1 | achievement -1;;
PYME;28;Vacaciones del Equipo;Es verano. Todo el mundo quiere vacaciones en Agosto. Si se las das a todos, tienes que cerrar la empresa un mes y no facturas. Si no, hay peleas por las fechas.;Cierro en Agosto. Todo el mundo descansa a la vez. Ahorro costes operativos y evito peleas. Asumo la pérdida de facturación como coste estructural.;locus_control 2 | achievement -1;"No cierro. Establezco turnos rotatorios obligatorios. ""El negocio no para"". Alguien tiene que pringar en Agosto. Priorizo el servicio al cliente.";achievement 4 | emotional_stability -1;"Dejo que se organicen ellos. ""Tenéis que cubrir el servicio, arreglaos entre vosotros"". Les paso la patata caliente de la gestión.";self_efficacy 1 | ambiguity_tolerance 2 | achievement -1;Ofrezco un bonus económico a quien quiera trabajar en Agosto voluntariamente para cubrir el servicio. Incentivo con dinero.;innovativeness 2 | emotional_stability 2 | self_efficacy 1 | achievement -1;;
PYME;29;La Marca Blanca;"Un gran distribuidor te ofrece fabricar tu producto para su ""Marca Blanca"". Mucho volumen, margen ridículo y desaparece tu logo. Te convertirías en su fábrica.";Acepto. Lleno la fábrica y aseguro los costes fijos. El volumen me da tranquilidad aunque pierda identidad. Soy industrial, no marquista.;achievement 4 | emotional_stability -1;Rechazo. Quiero defender mi marca y mi margen. No quiero ser esclavo de un solo cliente que me puede apretar cuando quiera. Independencia.;autonomy 3 | risk_propensity 2 | self_efficacy 1 | innovativeness -1 | locus_control -2;Acepto pero uso una línea de producción vieja o sobrante para ellos, protegiendo mi capacidad principal para mi marca. Juego a dos bandas.;innovativeness 3 | self_efficacy 1 | emotional_stability 1 | achievement -1;Les ofrezco fabricar un producto diferente (peor calidad) para que no compita con el mío en el lineal. Diferenciación.;self_efficacy 1 | ambiguity_tolerance -1;;
PYME;30;El Accidente Laboral;"Un empleado se ha cortado un dedo en una máquina porque quitó la protección de seguridad ""para ir más rápido"". La inspección de trabajo va a venir. Tienes miedo.";"Digo la verdad: ""El empleado quitó la protección bajo su responsabilidad"". Tengo los cursos de formación firmados. Me defiendo legalmente.";locus_control 2 | emotional_stability -1;Intento llegar a un acuerdo con el empleado para que no denuncie, pagándole una indemnización extraoficial. Compro su silencio.;self_efficacy 1 | risk_propensity 2 | ambiguity_tolerance -1 | locus_control -2;Reviso todas las máquinas de la fábrica esa noche y pongo protecciones nuevas antes de que venga el inspector. Maquillo la escena.;emotional_stability -2;Asumo la culpa como empresa por no vigilar lo suficiente. Pago la multa y mejoro los protocolos. Liderazgo responsable extremo.;locus_control 3 | emotional_stability 3 | achievement -1;;
PYME;31;Sucesión Familiar;"Tienes 55 años. Tu hija trabaja contigo y lo hace bien, pero tu hijo (que estaba fuera) quiere volver y ""dirigir"". Tu hija se siente desplazada. Conflicto sucesorio.";Apoyo a mi hija. Ella se lo ha ganado trabajando aquí años. La meritocracia está por encima del género o la primogenitura. Me enfrento a mi hijo.;emotional_stability 3 | risk_propensity 2 | self_efficacy 1 | achievement -1 | locus_control -2;"Intento ponerles a los dos de co-directores. ""Hermanos unidos"". Busco una paz artificial que seguramente acabe en guerra civil.";ambiguity_tolerance 1;Contrato a un profesional externo para que dirija y dejo a mis hijos en el Consejo de Administración. Saco a la familia de la gestión diaria.;ambiguity_tolerance 1;"No decido nada. ""Ya se arreglarán cuando yo falte"". Dejo el problema para el futuro. Cobardía paterna.";innovativeness 3 | self_efficacy 1 | achievement -1;;
PYME;32;La Crisis de los 40 (de la empresa);Tu empresa lleva 15 años haciendo lo mismo. Es rentable pero aburrida. Tú estás aburrido. Todo funciona por inercia. Sientes que te mueres en vida.;Monto una nueva línea de negocio radicalmente distinta dentro de la empresa para volver a sentir la adrenalina. Intraemprendimiento.;innovativeness 3 | risk_propensity 2 | self_efficacy 1 | achievement -1 | locus_control -2;Me compro un coche deportivo y me dedico a jugar al golf, dejando que la empresa funcione sola. Disfruto de lo conseguido. El rey vago.;autonomy 2 | innovativeness -1 | emotional_stability 2;Vendo la empresa y monto una startup desde cero. Necesito volver a la casilla de salida. Soy emprendedor, no gestor.;risk_propensity 3 | autonomy 2 | self_efficacy 1 | emotional_stability -1 | locus_control -2;Ficho talento joven para que revolucionen la empresa ellos, mientras yo les mentorizo. Transfiero mi energía a la siguiente generación.;self_efficacy 2 | ambiguity_tolerance -1;;
PYME;33;El Chantaje del Casero;"Se acaba tu contrato de alquiler del local. El dueño sabe que te va bien y te quiere subir el precio un 50%. ""Si no te gusta, te vas"". Tienes toda tu clientela ahí.";Me voy. No acepto chantajes. Busco un local cercano y hago una campaña agresiva para mover a mis clientes. Asumo el coste del traslado.;autonomy 3 | locus_control 3 | ambiguity_tolerance 2 | innovativeness -1;Pago la subida. El coste de traslado y pérdida de clientes es mayor que la subida. Soy cautivo de mi ubicación. Trago y pago.;achievement 4 | emotional_stability -1;Negocio una subida escalonada a 5 años a cambio de reformas en el local. Intento buscar un Win-Win dentro de la extorsión.;self_efficacy 2 | innovativeness 2 | ambiguity_tolerance 2 | emotional_stability 1 | achievement -1;Busco trapos sucios del local o del dueño para presionarle a la baja. Juego sucio defensivo.;locus_control 2 | emotional_stability -1;;
PYME;34;Subvenciones;"Ha salido una subvención europea para ""Digitalización Sostenible"". Te dan 10.000€ a fondo perdido. No tienes pensado hacer nada de eso, pero el dinero es gratis.";"Pido la subvención y me invento un proyecto para justificarla. ""Hay que coger el dinero que cae del cielo"". Caza-subvenciones.";emotional_stability -1;No la pido. El tiempo que pierdo en papeles vale más que 10.000€. Me centro en vender a clientes, no en pedir al Estado. Foco.;achievement 4 | autonomy 2 | locus_control 2 | emotional_stability -1;Pido la subvención y aprovecho para hacer una reforma real que tenía pendiente, adaptándola a los requisitos. Aprovecho la oportunidad.;risk_propensity 2 | self_efficacy 1 | emotional_stability -1 | locus_control -2;Contrato a una consultora que me la gestione a cambio de un % de éxito. Externalizo el dolor burocrático.;self_efficacy 2 | ambiguity_tolerance -1;;
PYME;35;Proveedor Local vs Global;Compras materia prima a un proveedor local del pueblo (caro) para apoyar la economía de la zona. Un proveedor internacional te ofrece lo mismo un 30% más barato.;Cambio al internacional. Tengo que ser competitivo. Si no cuido mi margen, cerraré yo y no podré ayudar a nadie. El mercado es global.;achievement 4 | emotional_stability -1 | self_efficacy -2;"Sigo con el local. Mi marca es ""Kilómetro Cero"" y apoyo a mi comunidad. Eso es parte de mi valor y mi historia. Coherencia.";emotional_stability 3 | risk_propensity -1 | autonomy 1;Presiono al local con la oferta del internacional para que baje precios. Le obligo a ser más eficiente. Tracción de la cadena.;self_efficacy 2 | emotional_stability 2 | ambiguity_tolerance -1;Compro el 80% al barato y el 20% al local para mantener la relación y la imagen. Hipocresía táctica.;innovativeness 3 | emotional_stability 2 | self_efficacy 1 | achievement -1;;
PYME;36;El Cliente Político;El Ayuntamiento te ofrece un contrato a dedo (sin concurso) porque conoces al concejal. Es mucho dinero, pero huele a favoritismo. Si cambia el gobierno, te quedarás fuera.;"Lo cojo. ""Aprovecha la racha"". El dinero público también vale. Facturo todo lo que pueda mientras dure mi contacto.";risk_propensity 3 | achievement 3 | self_efficacy 1 | emotional_stability -1 | locus_control -2;No lo cojo. No quiero que me etiqueten políticamente ni depender de favores. Quiero clientes privados que me compren por mi calidad.;autonomy 3 | emotional_stability 3 | innovativeness 2 | self_efficacy 1 | achievement -1;Lo cojo pero hago el trabajo de forma impecable y a precio de mercado, para que nadie pueda decir nada. Intento hacerlo ético.;self_efficacy 1 | risk_propensity 1 | ambiguity_tolerance -1;"Le pido que lo saquen a concurso público para presentarme legalmente y ganarlo ""limpiamente"" (sabiendo que tengo ventaja).";innovativeness 2 | self_efficacy 1 | emotional_stability 1 | achievement -1;;
PYME;37;Delegar la Caja;Sigues siendo el único que toca el dinero y las cuentas bancarias. No te fías de nadie. Eso te obliga a estar siempre disponible para pagar cualquier cosa.;Delego la gestión financiera en un administrativo o el gerente. Pongo controles, pero suelto la llave de la caja. Confianza operativa.;self_efficacy 2 | ambiguity_tolerance 3 | autonomy 2 | risk_propensity 2 | achievement -1 | locus_control -2;"Sigo controlando yo cada euro. ""El ojo del amo engorda el caballo"". Nadie cuidará mi dinero como yo. Esclavitud voluntaria.";ambiguity_tolerance 1;Automatizo pagos y cobros con el banco para tener que intervenir lo mínimo posible, pero sin dar acceso a personas. Tecnología.;achievement 4 | emotional_stability -1;Le doy firma mancomunada (necesita dos firmas) a mi socio/pareja para no estar solo, pero manteniendo seguridad.;autonomy 1 | innovativeness -1 | emotional_stability 2;;
PYME;38;Redes Sociales;"No tienes redes sociales. ""Eso es para niños"". Tus clientes te dicen que no te encuentran en Instagram. Sientes que te estás volviendo invisible.";Contrato a un Community Manager profesional. No sé hacerlo, así que pago a alguien que sepa. Inversión en visibilidad.;risk_propensity 3 | self_efficacy 2 | emotional_stability -1 | locus_control -2;"Me abro la cuenta y subo fotos cutres yo mismo. ""Mejor hecho que perfecto"". Lo intento con mis medios.";innovativeness 3 | self_efficacy 1 | achievement -1;Sigo sin redes. Si mi producto es bueno, el boca a boca funciona. Me niego a entrar en la rueda del postureo.;autonomy 2 | innovativeness -1 | emotional_stability 2;Le pido a mi sobrino que me lo lleve gratis. Solución chapucera típica de PYME.;ambiguity_tolerance 1 | achievement -1;;
PYME;39;Formación del Dueño;Hace 20 años que no estudias nada. Sientes que el mundo empresarial te supera (IA, Marketing Digital, Finanzas).;Me apunto a un programa de dirección para empresarios (caro y exigente). Vuelvo a la escuela. Humildad para aprender.;emotional_stability 3 | risk_propensity 2 | self_efficacy 1 | achievement -1 | locus_control -2;"No estudio. ""La universidad de la vida es la mejor"". Mi experiencia vale más que cualquier teoría. Arrogancia del superviviente.";ambiguity_tolerance 1;Leo libros y veo vídeos de YouTube por las noches. Autoformación barata y a mi ritmo.;autonomy 2 | achievement 2 | innovativeness -1 | emotional_stability 2;Contrato a gente que sepa de eso para que lo hagan ellos. Yo no necesito saber, necesito dirigir.;self_efficacy 2 | achievement 3 | autonomy 1 | ambiguity_tolerance -1;;
PYME;40;El Susto de Salud;"Te ha dado un amago de infarto. El médico dice: ""O bajas el ritmo o te mueres"". Tu empresa depende 100% de tu presencia diaria.";Cambio de vida radical. Contrato un gerente general, le doy las llaves y me voy a casa a las 15:00. La empresa sobrevivirá (o no), pero yo sí.;self_efficacy 2 | ambiguity_tolerance -1;"Sigo igual. ""No puedo parar"". Creo que soy inmortal o que sin mí todo se hunde. Negación suicida.";risk_propensity 2 | self_efficacy 1 | emotional_stability -1 | locus_control -2;Vendo la empresa rápidamente al mejor postor. El susto me ha hecho ver que el dinero no vale nada si no estás. Salida de emergencia.;risk_propensity 2 | autonomy 2 | self_efficacy 1 | emotional_stability -1 | locus_control -2;"Intento ""tomármelo con calma"" pero sigo yendo a la oficina y controlando todo, engañándome a mí mismo.";locus_control 3 | emotional_stability 2 | risk_propensity -1;;
HOSTELERIA;1;La Ubicación Maldita;"Te ofrecen un local en la calle más transitada de la ciudad a un precio sospechosamente bajo. El dueño anterior se suicidó allí y en el barrio dicen que el sitio está ""gafado"". Llevas 3 negocios fracasados en ese mismo local en los últimos 5 años. Si no firmas hoy, perderás la oportunidad de esa ubicación premium.";Lo alquilo sin dudar. Soy ateo y pragmático. El tráfico peatonal es lo único que importa en hostelería. Limpio la energía con lejía y una buena reforma. El éxito cura la superstición.;risk_propensity 3 | achievement 4 | self_efficacy 1 | emotional_stability -1 | locus_control -2;Ni loco. La energía del sitio importa y los clientes son supersticiosos. Si huele a fracaso, nadie entrará por mucha reforma que haga. Sigo buscando aunque me cueste más caro.;ambiguity_tolerance 3 | achievement -1;"Lo alquilo pero hago una ceremonia de ""limpieza de karma"" pública (Feng Shui / Cura) convirtiéndolo en un evento de marketing para el barrio. Le doy la vuelta al relato negativo.";innovativeness 3 | self_efficacy 1 | achievement -1;Investigo a fondo en el registro y con vecinos por qué fracasaron los anteriores (¿Deudas? ¿Licencias? ¿Mafia?) antes de firmar nada. No creo en fantasmas, pero sí en problemas ocultos.;ambiguity_tolerance 1 | achievement -1;;
HOSTELERIA;2;El Chef Diva;Tu Jefe de Cocina es un genio culinario, su comida llena el restaurante cada noche. Pero es un déspota absoluto: grita a los camareros, tira platos al suelo y crea un ambiente de terror. Hoy ha hecho llorar al jefe de sala delante de los clientes en medio del servicio.;Le despido en el acto delante de todos. En mi casa no se grita. Prefiero bajar la calidad de la comida temporalmente que tener un ambiente tóxico. La cultura se come a la estrategia.;emotional_stability 3 | risk_propensity -1 | autonomy 1;Le aguanto y le subo el sueldo para que esté contento. El negocio depende totalmente de su comida. Si se va, cerramos. Le pongo un saco de boxeo en la trastienda para que se desahogue.;achievement 4 | emotional_stability -2;"Me meto en la cocina y le grito más fuerte que él para marcar territorio. ""Aquí mando yo"". Busco la sumisión por la fuerza bruta. Duelo de Alfas.";self_efficacy -2;Le ofrezco ser socio minoritario (5%) para que sienta que el negocio es suyo y empiece a cuidar al personal por su propio interés económico (el dinero le duele).;innovativeness 3 | self_efficacy 1 | risk_propensity 2 | achievement -1 | locus_control -2;;
HOSTELERIA;3;La Reseña Falsa Masiva;"Un competidor envidioso ha organizado un ataque coordinado: 50 reseñas de 1 estrella en Google en una sola noche diciendo que ""hay cucarachas"" y ""la comida está podrida"". Tu nota media ha bajado de 4.8 a 3.2 en horas y las reservas se han parado.";Denuncio a Google y espero sentado a que lo resuelvan. Confío en la justicia de la plataforma, aunque tarden semanas y pierda clientes mientras tanto. Soy legalista y paciente.;ambiguity_tolerance 3 | achievement -1;Contesto a cada reseña falsa con humor inteligente e ironía, invitando a la gente a ver nuestras cocinas impolutas en directo. Me hago viral por mi respuesta elegante y transparente.;ambiguity_tolerance 3 | emotional_stability 2 | achievement -1;"Compro 100 reseñas falsas de 5 estrellas en una granja de clicks para enterrar las malas. ""Fuego con fuego"". Guerra sucia para sobrevivir el algoritmo.";risk_propensity 2 | self_efficacy 1 | locus_control -2 | emotional_stability -3;"Investigo quién ha sido (sé quién es) y voy a su local a ""tener unas palabras"" o pincharle las ruedas del coche. Ojo por ojo, diente por diente.";achievement -1 | emotional_stability -3;;
HOSTELERIA;4;Carne de Dudosa Procedencia;"Tu proveedor habitual te ha fallado un viernes. Te ofrecen un lote de solomillos a mitad de precio sin etiquetado claro. El vendedor dice: ""Es de primera, se cayó de un camión, no preguntes"". Tienes el restaurante lleno este fin de semana y sin carne no hay servicio.";Compro el lote. El margen está muy apretado y si se cocina bien, el cliente no nota la etiqueta. Necesito maximizar el beneficio para pagar deudas urgentes.;risk_propensity 3 | self_efficacy 1 | locus_control -2 | emotional_stability -3;No compro. La seguridad alimentaria es sagrada. Si no tengo solomillo, borro el plato de la carta hoy y pido disculpas. No juego con la salud de mis clientes.;autonomy 3 | innovativeness -1 | emotional_stability 2;Compro un poco para el menú del día (barato) y uso la carne buena certificada que me queda para la carta cara. Diversifico el riesgo ético.;risk_propensity 2 | achievement 3 | self_efficacy 1 | emotional_stability -1 | locus_control -2;Le digo que no, pero me guardo su teléfono por si acaso me veo más apurado el mes que viene. Dejo la puerta al lado oscuro entreabierta por miedo.;ambiguity_tolerance 1 | achievement -1;;
HOSTELERIA;5;Robo en la Caja;Faltan 50€ en la caja todos los días desde hace una semana. Tienes 3 camareros sospechosos, pero ninguna prueba física. El ambiente es tenso y todos se miran mal. Si no haces nada, te arruinarán poco a poco.;Instalo cámaras ocultas enfocando a la caja sin avisar a nadie (ilegal). Quiero pillar al ladrón con las manos en la masa y despedirle procedente con pruebas.;ambiguity_tolerance 1;Les reúno y digo que descontaré lo que falte del bote de propinas de todos a partir de ahora. Castigo colectivo para que el grupo presione al ladrón.;emotional_stability 2 | self_efficacy -2;"Despido a los 3 camareros y contrato un equipo nuevo entero. ""Muerto el perro se acabó la rabia"". No tengo tiempo para jugar a detectives ni psicólogos.";achievement 4 | risk_propensity 3 | self_efficacy 1 | emotional_stability -1 | locus_control -2;Me siento con cada uno individualmente a mirarles a los ojos y preguntarles cómo van de dinero, intentando que el culpable se derrumbe o confiese por presión psicológica.;ambiguity_tolerance 2 | self_efficacy 1 | autonomy 2 | achievement -1;;
HOSTELERIA;6;El Influencer Gorrón;"Llega un TikToker famoso (1M seguidores) con su séquito de amigos. Pide cenar gratis a cambio de una ""story"" y un post. Es sábado noche y tienes cola en la puerta. Su actitud es prepotente y exige la mejor mesa.";Le invito a todo y le trato como a un rey. Es publicidad barata. Una foto suya vale más que 1.000€ en anuncios de Facebook. Me trago el orgullo por el negocio.;innovativeness 2 | emotional_stability 2 | self_efficacy 1 | achievement -1;"Le cobro como a todo hijo de vecino. ""Aquí se viene a comer, no a trabajar"". Mi trabajo y mis materias primas se respetan. No regalo nada a nadie.";ambiguity_tolerance 1;Le propongo un trato: Paga la cena, y le doy un código de descuento para sus seguidores. Si me trae 10 clientes reales, le devuelvo el dinero.;innovativeness 3 | self_efficacy 2 | achievement -1 | risk_propensity -1;"Le echo del restaurante por jeta delante de todo el mundo. Me hago viral por ser el ""restaurante anti-influencers"". Marketing a la inversa arriesgado.";risk_propensity 3 | self_efficacy 1 | emotional_stability -1 | locus_control -2;;
HOSTELERIA;7;Inspección Sorpresa;Entra un inspector de Sanidad un viernes a las 14:00, plena hora punta. Tienes la campana extractora llena de grasa (ilegal) y algunos productos sin fechar en la nevera. Sabes que te pueden cerrar el local hoy mismo si se pone estricto.;"Intento ""invitar a comer"" al inspector o sugerir un sobre discreto en el despacho. La corrupción es el aceite del sistema y no puedo permitirme cerrar un viernes.";risk_propensity 3 | self_efficacy 1 | locus_control -2 | emotional_stability -3;Asumo la culpa con humildad, cierro la cocina voluntariamente ahora mismo delante de él y me pongo a limpiar. Espero que valore mi reacción y no me multe.;locus_control 3 | emotional_stability 3 | achievement -1;Le lloro diciendo que estamos empezando, que tengo familia y que por favor no me hunda. Apelo a la lástima y al victimismo para ablandarle.;ambiguity_tolerance 1;Culpo al equipo de limpieza a gritos delante del inspector para demostrar que yo soy exigente y que es culpa de ellos. Busco un chivo expiatorio para salvarme.;self_efficacy -3;;
HOSTELERIA;8;La Fiesta Privada Ilegal;Un cliente VIP (con fama de negocios turbios) quiere cerrar el restaurante para una fiesta privada hasta las 6:00 AM. Paga 10.000€ en efectivo, sin factura. Tu licencia solo te deja abrir hasta las 2:00 AM. Los vecinos están al acecho.;Acepto. El dinero no tiene olor y 10k en B me arreglan el trimestre. Cierro persianas, subo la música y que pase lo que tenga que pasar.;risk_propensity 3 | self_efficacy 1 | emotional_stability -1 | locus_control -2;Rechazo. No quiero ese tipo de clientela ni problemas con la policía o vecinos. Mi tranquilidad y mi licencia valen más que 10.000€ fáciles.;emotional_stability 3 | innovativeness 2 | self_efficacy 1 | risk_propensity -1 | achievement -1;"Acepto pero aviso a la policía anónimamente a las 3:00 AM de que hay ruido, para que la fiesta acabe ""por fuerza mayor"" y quedarme el dinero ya cobrado.";emotional_stability -3;"Le digo que ""está ocupado"" ese día para no ofenderle ni tener que decirle que no a su cara. Evito el conflicto con mentiras piadosas por miedo.";ambiguity_tolerance 1 | achievement -1;;
HOSTELERIA;9;El Camarero Estrella se Fuga;Tu mejor camarero, el que conoce a todos los clientes por su nombre, se va a la competencia (el bar de enfrente). Sabes que se llevará a tu clientela fija. Te pide un aumento del 30% para quedarse, rompiendo tu escala salarial.;Le doy el aumento aunque me descuadre la estructura salarial y genere envidias. Retener talento clave es más barato que perder clientes. Es un chantaje, pero cedo.;innovativeness 2 | self_efficacy 1 | achievement -1 | emotional_stability -1;Le deseo suerte y le dejo ir. Nadie es imprescindible. Yo formaré a otro mejor y crearé un sistema que no dependa de las personas. La marca es el local, no él.;self_efficacy 2 | ambiguity_tolerance 3 | autonomy 2 | achievement -1;Le recuerdo que firmó una cláusula de no competencia (mentira o inaplicable legalmente) para asustarle y que no se vaya enfrente. Juego sucio.;ambiguity_tolerance 1;"Empiezo a hablar mal de él a los clientes fijos antes de que se vaya (""últimamente robaba..."") para vacunarles y que no le sigan. Tierra quemada.";ambiguity_tolerance 1 | achievement -1;;
HOSTELERIA;10;El Dilema Vegano;El mundo cambia. Cada vez vienen más grupos donde hay un vegano. Tu especialidad es el chuletón de buey. Si no tienes opciones veganas, el grupo entero se va a otro sitio. Odias la comida vegana por principios.;Me mantengo fiel a mi identidad. Soy un asador de carne. Los veganos pueden comer ensalada de tomate o irse. No voy a prostituir mi carta por modas.;innovativeness -2 | emotional_stability 2;Pivoto y creo una carta 50% vegana increíble. Adaptarse o morir. Si el cliente quiere tofu, le daré el mejor tofu de la ciudad, aunque no me guste.;innovativeness 3 | self_efficacy 1 | achievement -1;"Creo una ""Marca Virtual"" vegana en Glovo que sale de la misma cocina (oculto) para captar ese mercado sin manchar mi marca de asador tradicional.";innovativeness 3 | self_efficacy 1 | achievement -1;Pongo una hamburguesa vegana congelada de supermercado en la carta por cumplir, cobrándola cara, y me río de ellos en la cocina. Cumplo sin creer.;achievement 3 | emotional_stability -1;;
HOSTELERIA;11;Obras en la Calle;El Ayuntamiento levanta tu calle para obras. Van a estar 6 meses con zanjas. Nadie puede entrar ni aparcar. Tu facturación caerá un 70% mañana. Tienes que decidir ahora qué hacer antes de desangrarte lentamente.;Monto un servicio de Delivery brutal y Catering a domicilio. Si ellos no pueden venir por las zanjas, yo iré a sus casas. Me reinvento radicalmente.;ambiguity_tolerance 3 | innovativeness 3 | risk_propensity 3 | self_efficacy 1 | achievement -1 | locus_control -2;Pido un ERTE, ayudas al gobierno y reduzco jornada al mínimo. Entro en modo hibernación hasta que acaben las obras. Resistencia pasiva y ahorro.;ambiguity_tolerance 3 | achievement -1 | self_efficacy -2;Organizo una protesta vecinal diaria, llamo a la prensa y monto un circo para presionar al Ayuntamiento y que aceleren o me indemnicen. Ruido.;ambiguity_tolerance 1;Cierro el local definitivamente y aprovecho para mudarme a un barrio mejor. Veo la obra como una señal del destino para cambiar de aires.;locus_control 3 | ambiguity_tolerance 2 | emotional_stability -1;;
HOSTELERIA;12;El Borracho Agresivo;Sábado noche. Un cliente muy borracho y fuerte está molestando a una mesa de chicas. La tensión se corta. Si no haces nada, pierdes el control del local y la reputación. Si intervienes, puede haber violencia física.;Salgo de la barra y le echo yo mismo a empujones si hace falta. Mi local es mi casa y yo protejo a mis clientes. Acción física y autoridad.;self_efficacy 2 | risk_propensity 2 | ambiguity_tolerance -1 | locus_control -2;Llamo a la policía y espero sin intervenir. No me pagan para ser portero de discoteca ni arriesgar mi integridad física. Protocolo estricto.;ambiguity_tolerance 1;"Le invito a una copa ""la última"" para calmarle, le paso el brazo por el hombro y le acompaño a la puerta con buenas palabras. Psicología de calle.";ambiguity_tolerance 1;Les digo a las chicas que se cambien de mesa a una zona más tranquila y dejo al borracho donde está si se calma. Evito el conflicto directo por miedo.;emotional_stability 3 | risk_propensity -1 | autonomy 1;;
HOSTELERIA;13;La Tentación de la Franquicia;Tu local funciona increíble. Un grupo inversor te propone franquiciar tu marca. Te prometen abrir 50 locales en 2 años. Te harás rico vendiendo la marca, pero perderás el control absoluto de la calidad.;Firmo. Quiero ser el McDonald's de mi nicho. Acepto que la calidad bajará un poco, pero la escala y el dinero compensan. Es el sueño empresarial.;achievement 4 | risk_propensity 3 | autonomy 2 | self_efficacy 1 | emotional_stability -1 | locus_control -2;Rechazo. Nadie lo hará con mi cariño. Prefiero tener un solo restaurante legendario que 50 mediocres. Soy un artesano, no un industrial de la comida.;autonomy -2 | self_efficacy 2;Abro yo un segundo local propio con mi dinero para probar. Crecimiento orgánico controlado. No quiero socios ni inversores que me manden.;autonomy 3 | locus_control 2 | innovativeness -1 | emotional_stability 2;Vendo el modelo de negocio y la marca por un pago único y me retiro de la operativa. Que lo estropeen ellos si quieren, yo ya he cobrado.;autonomy 3 | innovativeness 2 | self_efficacy 1 | achievement -1;;
HOSTELERIA;14;Subir el Ticket Medio;Necesitas facturar más. El local está lleno siempre, pero el ticket medio es bajo (la gente pide poco y ocupa mesa mucho tiempo). Tienes que ganar más dinero por silla o cerrarás por éxito.;"Subo precios un 20% general. Perderé a los clientes más ""ratas"", pero me quedaré con los que tienen dinero. Elitización del negocio.";self_efficacy 2 | risk_propensity 2 | achievement 3 | ambiguity_tolerance -1 | locus_control -2;Formo a los camareros en técnicas de venta agresiva (Upselling): vender vinos caros, postres y cafés a todo el mundo. Presión comercial constante.;self_efficacy 2 | achievement 3 | ambiguity_tolerance -1;Reduzco las raciones manteniendo el precio (Reduflación). El cliente no se da cuenta al principio y el margen sube. Truco viejo pero eficaz.;achievement 4 | emotional_stability -1;Meto más mesas apretadas y pongo música rápida para que la gente coma y se vaya antes. Rotación máxima, incomodidad calculada.;achievement 4 | emotional_stability -1;;
HOSTELERIA;15;Crisis de Personal;No encuentras camareros. Nadie quiere trabajar los fines de semana ni a turno partido. Tienes el equipo bajo mínimos y el servicio se resiente. La gente se va a mitad del servicio.;Ofrezco turno seguido, dos días libres consecutivos y sueldo por encima de convenio. Gano menos dinero yo, pero tengo al mejor equipo de la ciudad.;emotional_stability 3 | achievement -1;Contrato a inmigrantes sin papeles o gente desesperada que acepte cualquier condición. Me aprovecho de la necesidad del mercado laboral.;risk_propensity 3 | self_efficacy 1 | locus_control -2 | emotional_stability -3;"Salgo en la televisión quejándome de que ""la gente ya no quiere trabajar"" y ""las paguitas rompen España"". Victimismo público y político.";ambiguity_tolerance 1;Robotizo la sala. Pongo códigos QR para pedir y pagar, y robots camareros para llevar platos. Elimino el factor humano lo máximo posible.;achievement 4 | emotional_stability -1;;
HOSTELERIA;16;La Cucaracha Chantajista;Un cliente empieza a gritar que hay una cucaracha en su ensalada. Tú sabes (porque has visto las cámaras o por intuición) que la ha puesto él para no pagar la cuenta de 100€.;Le invito a la comida y le pido perdón en voz baja para que se calle y no monte un escándalo que asuste a otros clientes. Cedo al chantaje por paz.;ambiguity_tolerance 1;Saco el vídeo de la cámara de seguridad, se lo enseño en el móvil y le digo que pague o llamo a la policía por estafa. Tolerancia cero con los listos.;self_efficacy 2 | emotional_stability 3 | ambiguity_tolerance -1;"Le digo en voz alta que es mentira y que es una ""cebolla pochada"". Niego la realidad y le avergüenzo delante de todos. Contraataque agresivo.";risk_propensity 2 | self_efficacy 1 | emotional_stability -1 | locus_control -2;Llamo a la policía directamente sin mediar palabra. Que se lo explique al agente. Escalo el conflicto al máximo nivel legal para darle una lección.;ambiguity_tolerance 1 | achievement -1;;
HOSTELERIA;17;El Socio Capitalista Pesado;Necesitas dinero para una reforma urgente. Un socio capitalista pone la pasta (100k) pero no tiene ni idea de hostelería y quiere opinar sobre la carta y la decoración (que es horrible).;Acepto el dinero y sus opiniones. Quien paga, manda. Si quiere poner cortinas feas, las pongo. Soy pragmático, necesito el cash para sobrevivir.;innovativeness 2 | self_efficacy 1 | achievement -1;No acepto el dinero. Mi visión es intocable. Prefiero seguir con el local viejo a tener a un ignorante mandando en mi casa. Busco un banco.;autonomy 3 | emotional_stability 3 | risk_propensity 2 | self_efficacy 1 | innovativeness -1 | locus_control -2;Le digo que sí a todo en la reunión, cojo el cheque, y luego hago lo que me da la gana en el día a día. Toreo al socio con astucia.;ambiguity_tolerance 1;Negocio un pacto de socios donde él lleva las finanzas y yo tengo veto absoluto en producto y operaciones. Roles blindados por contrato.;self_efficacy 2 | emotional_stability 2 | ambiguity_tolerance -1;;
HOSTELERIA;18;Gestión de Sobras;Sobra mucha comida cocinada al final del día. Es comida buena, pero la ley dice que hay que tirarla o gestionarla con trazabilidad compleja. Tirarla te duele en el alma y el bolsillo.;La tiro toda a la basura. Cumplo la normativa de sanidad a rajatabla. No me la juego a una intoxicación o una multa. Duele, pero es lo correcto.;ambiguity_tolerance 1;Se la doy al personal para que se la lleven a casa o se la coman allí. Es mi forma de complementar su sueldo y crear equipo familia.;emotional_stability 2 | risk_propensity -1 | autonomy 1;"La vendo en una App de ""Too Good To Go"" a bajo precio. Recupero el coste de materia prima y hago marketing verde. Solución moderna.";achievement 4 | emotional_stability -1;La saco por la puerta de atrás y se la doy a gente necesitada del barrio discretamente. Solidaridad directa y alegal.;emotional_stability 3 | risk_propensity 2 | self_efficacy 1 | achievement -1 | locus_control -2;;
HOSTELERIA;19;El Crítico Gastronómico;Entra por la puerta el crítico más temido de la ciudad. No te ha avisado. Si te pone bien, llenas un año. Si te pone mal, cierras. Estás temblando.;Le trato como a uno más. Si somos buenos, lo verán. No voy a hacer el teatro ni a poner nervioso al equipo. Confío en mi estándar diario.;emotional_stability 3 | self_efficacy 2 | ambiguity_tolerance 3 | risk_propensity -1;Paro la cocina. El Chef cocina solo para él. El mejor camarero le atiende en exclusiva. Pánico total y foco absoluto en esa mesa.;autonomy 3 | innovativeness -1 | emotional_stability 2;Le invito a todo, le saco platos fuera de carta y le hago la pelota descaradamente. Intento comprar su favor con trato VIP y sonrisas.;ambiguity_tolerance 1;Le digo al camarero que le trate con indiferencia o le escupa en la sopa (broma... o no). Odio a los críticos y su poder injusto.;risk_propensity 3 | self_efficacy 1 | emotional_stability -1 | locus_control -2;;
HOSTELERIA;20;Incendio en la Cocina;Se quema la cocina un sábado noche. Nadie herido, pero la cocina está inutilizable por 1 mes. El seguro tardará en pagar. Tienes reservas para todo el mes y deudas que pagar.;"Alquilo una ""Dark Kitchen"" (cocina fantasma) mañana mismo y traslado la producción allí para seguir sirviendo o haciendo delivery. No paro ni un día.";ambiguity_tolerance 3 | risk_propensity 3 | innovativeness 3 | self_efficacy 1 | achievement -1 | locus_control -2;"Monto una barbacoa en la terraza y cambio el menú a ""Solo Brasa"" temporalmente. Convierto el desastre en un evento especial divertido.";autonomy 3 | ambiguity_tolerance 2 | innovativeness -1 | emotional_stability 2;Cierro y despido a todos temporalmente (ERTE) hasta que el seguro pague y se arregle. Aprovecho para descansar. No lucho contra los elementos.;autonomy 2 | innovativeness -1 | emotional_stability 2;Me hundo en la miseria y pienso que es el fin. Llamo a los clientes para cancelar llorando. Me dejo llevar por el drama y la impotencia.;emotional_stability 2 | achievement -1;;
HOSTELERIA;21;Deuda con el Banco;Debes 50.000€ de un préstamo ICO que pediste en pandemia y no puedes pagar la cuota este mes. El banco te llama cada día. Si entras en mora, te bloquean las cuentas y es el fin.;Voy al banco de frente antes de que venza. Les enseño los libros abiertos y renegocio una carencia. Doy la cara y busco aliados en el director de la sucursal.;self_efficacy 2 | risk_propensity 2 | locus_control -2 | emotional_stability -1;"Dejo de pagar y no cojo el teléfono. ""De donde no hay no se puede sacar"". Ya pagaré cuando tenga, que me demanden si quieren. Estrategia del avestruz.";risk_propensity 2 | self_efficacy 1 | emotional_stability -1 | locus_control -2;Pido dinero a un prestamista privado (intereses usureros) para pagar al banco. Tapo un agujero haciendo otro más grande y peligroso por pura desesperación.;risk_propensity 3 | self_efficacy 1 | emotional_stability -1 | locus_control -2;Vendo mi coche o mis joyas personales para pagar la cuota de la empresa. Me descapitalizo yo personalmente para salvar el negocio un mes más.;locus_control 3 | emotional_stability 2 | achievement -1;;
HOSTELERIA;22;El Menú del Día;El menú del día te da muy poco margen pero trae gente al local. Con la subida de la luz y los alimentos, estás trabajando gratis o perdiendo dinero con cada menú.;Lo quito radicalmente. Quiero clientes de carta y calidad, no buscadores de ofertas. Si se vacía el local, que se vacíe, ya vendrán los buenos clientes.;achievement 4 | risk_propensity 3 | self_efficacy 1 | emotional_stability -1 | locus_control -2;Lo mantengo pero bajo la calidad de la materia prima al mínimo legal. Pollo industrial y arroz barato. Que coman lo que pagan, no doy duros a cuatro pesetas.;achievement 4 | emotional_stability -1;"Lo subo de precio y lo convierto en ""Menú Ejecutivo"" de calidad. Filtro al cliente por precio pero le doy valor real. Me quedo con menos gente pero rentable.";innovativeness 3 | self_efficacy 1 | achievement -1;Lo mantengo como servicio público/gancho, asumiendo que no gano dinero con él, pero gano ambiente y venta cruzada de cafés y copas.;ambiguity_tolerance 2 | achievement -1;;
HOSTELERIA;23;Amistad vs Negocio;"Tu mejor amigo viene siempre a cenar con grupos y nunca paga o asume que le invitas. ""Invita la casa"" dice él. Te está costando 300€ al mes su ""amistad"" y te sientes un primo.";"Le cobro la próxima vez sin avisar delante de todos. ""Los amigos son los primeros que deberían apoyar mi negocio pagando"". Si se enfada, no es amigo.";self_efficacy 2 | achievement 4 | autonomy 3 | ambiguity_tolerance -1;Le sigo invitando. La amistad vale más que 300€. Lo considero un gasto de representación o social. Me da miedo perderle por ser un tacaño.;emotional_stability 3 | risk_propensity -1 | autonomy 1;Le digo que estoy en quiebra técnica (mentira) y que mis socios me auditan todo, para que pague por pena o por obligación externa.;ambiguity_tolerance 1;Le cobro precio de coste o le hago un 50%. Busco un punto medio donde yo no pierda dinero y él tenga un trato especial de amigo.;self_efficacy 2 | emotional_stability 3 | ambiguity_tolerance -1;;
HOSTELERIA;24;El Plato Estrella Aburrido;Tu plato estrella (el que todos piden) te aburre cocinarlo, da poco margen y es antiguo. Quieres quitarlo para modernizar la carta, pero los clientes fijos se quejarán y amenazan con no volver.;Lo quito. Soy el chef y yo decido qué cocino. Mi restaurante es mi expresión artística, no una fábrica de lo mismo. Renovarse o morir.;autonomy 3 | risk_propensity 3 | self_efficacy 1 | innovativeness -1 | locus_control -2;Lo subo de precio brutalmente. Si lo quieren, que lo paguen bien. Así gano margen o dejan de pedirlo. Estrategia disuasoria rentable.;achievement 4 | emotional_stability -1;Lo mantengo. Hay que dar al cliente lo que quiere, no lo que yo quiero. La humildad del tendero es servir a su público fiel.;emotional_stability 3 | risk_propensity -1 | autonomy 1;"Lo ""deconstruyo"" o modernizo. Mantengo la esencia pero cambio la forma para divertirme yo y no asustar al cliente. Evolución suave.";innovativeness 3 | emotional_stability 2 | self_efficacy 1 | achievement -1;;
HOSTELERIA;25;Ruido Vecinal;Los vecinos se quejan del ruido de la terraza por la noche. Tienen razón, pero la terraza es el 50% de tu facturación. La policía viene cada fin de semana por las denuncias.;Insonorizo lo que pueda y pongo un vigilante para callar a los clientes. Quiero llevarme bien con el barrio y ser un negocio cívico y sostenible.;locus_control 3 | emotional_stability -1;Paso de ellos. Pago las multas como un coste operativo más. Me sale rentable pagar multas y seguir facturando en la terraza llena.;achievement 3 | emotional_stability -1;Hablo con el presidente de la comunidad y le invito a cenar gratis a él y a su familia regularmente. Intento comprar su silencio con amabilidad y soborno blando.;ambiguity_tolerance 1;"Organizo una recogida de firmas de apoyo con los clientes y voy a los medios diciendo que ""los vecinos quieren destruir empleo"". Me hago la víctima.";emotional_stability 2 | risk_propensity -1;;
HOSTELERIA;26;Socio Trabajador vs Vago;"Tu socio trabaja la mitad de horas que tú, llega tarde y se va pronto, pero cobráis lo mismo a final de mes. Estás empezando a odiarle en silencio. Él dice que su trabajo es ""estratégico"".";Lo hablo hoy mismo poniendo los datos sobre la mesa. Reajustamos sueldos por horas trabajadas o rompemos la sociedad. La equidad es fundamental.;emotional_stability 3 | self_efficacy 2 | risk_propensity -1;Me callo y acumulo rencor hasta estallar dentro de dos años. No quiero conflictos ahora que el negocio funciona y hay dinero.;ambiguity_tolerance 1;Empiezo a trabajar menos yo también. Si él no curra, yo tampoco. Dejo que el negocio se hunda un poco para que reaccione. Huelga de celo.;ambiguity_tolerance 1;Le ofrezco comprarle su parte con un préstamo. Prefiero endeudarme y ser dueño único que arrastrar un lastre que me quita la energía.;risk_propensity 3 | self_efficacy 1 | locus_control -2 | emotional_stability -1;;
HOSTELERIA;27;El Catering Imposible;Te piden un catering para una boda de 200 personas. Nunca has hecho uno tan grande y no tienes equipo suficiente. Es mucho dinero, pero si sale mal, te cargas la boda de alguien y tu reputación.;"Digo que sí y alquilo equipo, furgoneta y contrato extras. Es una aventura y una oportunidad de crecer. ""Se aprende haciendo"". Confío en mi capacidad.";risk_propensity 3 | innovativeness 3 | self_efficacy 1 | achievement -1 | emotional_stability -1 | locus_control -2;Digo que no. No es mi modelo de negocio y no quiero arriesgar mi reputación por dinero rápido. Foco en lo que sé hacer bien.;achievement 4 | emotional_stability 2 | risk_propensity -1;Lo subcontrato a otra empresa de catering especializada y yo me llevo una comisión comercial sin decir nada a los novios. Intermediación oculta.;self_efficacy 1 | ambiguity_tolerance -1;Lo hago con los medios que tengo en el restaurante (pocos) para ahorrar costes. Probablemente salga un desastre, pero gano más margen.;ambiguity_tolerance 3 | risk_propensity 3 | self_efficacy 1 | achievement -1 | locus_control -2;;
HOSTELERIA;28;Guerra de Propinas;Hay mal rollo terrible entre cocina y sala por el reparto de propinas. Los camareros dicen que son suyas por dar la cara, los cocineros dicen que sin comida no hay propina. El ambiente es bélico.;Establezco un sistema de puntos transparente y reparto entre todos (cocina y sala) por igual. Fomento el espíritu de equipo único y la justicia.;emotional_stability 2 | risk_propensity -1 | autonomy 1;Se las queda quien las recibe (sala). Es la ley de la selva y meritocracia comercial. Si cocina quiere propina, que salga a sonreír al cliente.;ambiguity_tolerance 1;Me las quedo yo (la empresa) para pagar roturas de vajilla y cenas de empresa de Navidad. Soy el dueño y decido yo sobre el dinero extra.;locus_control 3 | autonomy 3 | emotional_stability -1;Elimino las propinas y subo los sueldos a todos. Profesionalizo el servicio y elimino la caridad del cliente. Modelo europeo moderno.;emotional_stability 3 | risk_propensity -1 | autonomy 1;;
HOSTELERIA;29;El Proveedor Amigo;Tu proveedor de vinos es tu amigo de la infancia, pero sus precios son caros y el servicio es lento. Has encontrado otro mejor y más barato. Si cambias, tu amigo se sentirá traicionado.;Cambio de proveedor. El negocio es el negocio y no es una ONG de amigos. Si quiere venderme, que mejore su oferta. Separo lo personal de lo profesional.;achievement 4 | emotional_stability 3 | risk_propensity -1;"Le aprieto las tuercas enseñándole la oferta del otro. ""Igualamelo o te dejo"". Uso la competencia para que mi amigo espabile y mejore.";self_efficacy 2 | emotional_stability 2 | ambiguity_tolerance -1;Sigo con él. La confianza y la lealtad se pagan. Sé que si tengo un problema un domingo, él vendrá. El otro no sé. Apuesto por el valor humano.;emotional_stability 3 | risk_propensity -1 | self_efficacy -2;Le engaño diciendo que mi socio me obliga a cambiar, para no tener que decirle a la cara que le despido yo. Cobardía empática.;innovativeness 2 | self_efficacy 1 | achievement -1;;
HOSTELERIA;30;La Obsesión Michelin;Te obsesionas con ganar una estrella Michelin. Empiezas a gastar dinero en vajilla cara, personal extra y a complicar los platos. El restaurante deja de ser rentable en busca del premio.;Voy a por la estrella. Es mi sueño y mi realización personal. Si me arruino en el intento, al menos habré buscado la excelencia y la gloria.;achievement 4 | risk_propensity 3 | self_efficacy 1 | emotional_stability -1 | locus_control -2;"Freno en seco. ""Las estrellas no pagan facturas"". Vuelvo a la cocina honesta y rentable. Quiero un negocio que dé dinero, no un premio para el ego.";achievement 4 | locus_control 3 | emotional_stability -1;Contrato a un asesor que sabe cómo ganar estrellas para que me diga los trucos y atajos. Hackeo el sistema con dinero para llegar antes.;risk_propensity 3 | innovativeness 3 | self_efficacy 1 | emotional_stability -1 | achievement -1 | locus_control -2;Cocino lo que me gusta a mí y me olvido de las guías. Si llega el premio bien, y si no, también. Busco mi propia satisfacción artística.;ambiguity_tolerance 3 | autonomy 2 | achievement -1;;
HOSTELERIA;31;La Niebla de Guerra (El Barrio Cambia);"El barrio está cambiando. Abren oficinas nuevas y cierran tiendas de barrio. No sabes si tu público cambiará de familias a ejecutivos. Tienes que decidir si reformas el local hacia ""menú rápido"" o ""cenas tranquilas"". Nadie tiene datos.";Apuesto por los ejecutivos y reformo para menú rápido ya. Me la juego a una carta basándome en mi olfato. Quien golpea primero, golpea dos veces.;ambiguity_tolerance 3 | risk_propensity 3 | self_efficacy 1 | achievement -1 | locus_control -2;No hago obras. Espero 6 meses a ver qué tipo de gente entra por la puerta realmente. Me adapto a la demanda real, no a la imaginada. Prudencia.;ambiguity_tolerance 3 | achievement -1;Hago una reforma flexible (muebles móviles) que me permita ser rápido de día y elegante de noche. Intento cubrir todo, aunque sea más complejo de gestionar.;innovativeness 3 | self_efficacy 1 | achievement -1;Copio lo que ha hecho el bar de la esquina que parece que le va bien. Si a él le funciona, a mí también. Estrategia del seguidor.;innovativeness -2 | emotional_stability 2 | autonomy 1;;
HOSTELERIA;32;Golpe Inesperado;Se rompe la cámara frigorífica principal cargada de género (3.000€ en comida) un viernes tarde. El técnico no viene hasta el lunes. Tienes reservas llenas y la comida se va a estropear.;Llamo a un camión frigorífico de alquiler de urgencia y salvo el género. Me cuesta dinero, pero salvo el fin de semana. Solución rápida y cara.;innovativeness 3 | risk_propensity 3 | self_efficacy 1 | achievement -1 | locus_control -2;"Cocino todo lo que pueda hoy y hago ""Ofertas de derribo"" para venderlo todo ya. Convierto el problema en una fiesta de liquidación improvisada.";innovativeness 3 | self_efficacy 2 | achievement -1;Tiro la comida (o la dono si se puede) y compro al día lo justo para el servicio en el mercado. Asumo la pérdida y reclamo al seguro. No me complico.;autonomy 3 | locus_control 3 | innovativeness -1;Me pongo a llorar y gritar de rabia en la cocina, bloqueando al equipo y creando un drama. Me supera la situación y pierdo los papeles.;ambiguity_tolerance 1 | achievement -1;;
HOSTELERIA;33;La Soledad del Mando;Tienes que despedir a un empleado muy querido por todos porque roba botellas, pero no tienes pruebas físicas, solo tu certeza absoluta. Si le despides, el equipo se te echará encima y te odiará.;"Le despido. Confío en mi criterio. Asumo el rol de ""malo"" temporalmente para proteger el negocio. No necesito que me entiendan, necesito que el barco flote.";autonomy 3 | locus_control 3 | innovativeness -1;No le despido. Me da miedo quedarme solo contra el equipo. Espero a tener una prueba irrefutable (cámara) aunque me siga robando mientras.;autonomy 3 | innovativeness -1 | emotional_stability 2;Le cuento a otro empleado de confianza mis sospechas para que me valide y me apoye. Busco aliados para no estar solo en la decisión difícil.;autonomy 3 | innovativeness -1 | emotional_stability 2;Le hago la vida imposible con turnos malos para que se vaya él solo. Guerra psicológica para no tener que mancharme las manos con un despido.;autonomy 3 | innovativeness -1 | emotional_stability 2;;
HOSTELERIA;34;El Caos Creativo;"Tu carta funciona, pero te aburre mortalmente. Quieres introducir ""Tapas Fusión Asiático-Manchegas"". Es una locura que puede espantar a tu clientela clásica o traerte a un público nuevo y moderno.";"Lo hago. ""Quien no arriesga no gana"". Cambio la carta radicalmente. Si perdemos a los viejos, vendrán los nuevos. Innovar es vivir.";innovativeness 3 | risk_propensity 3 | self_efficacy 1 | achievement -1 | locus_control -2;"No lo hago. ""Los experimentos con gaseosa"". Si el bar funciona, no se toca. Me aburro yo, pero la caja suena. Pragmatismo financiero.";ambiguity_tolerance 1;"Meto 3 platos nuevos como ""Sugerencias del Chef"" fuera de carta para probar la reacción. Testeo el mercado sin romper la estructura actual.";risk_propensity 3 | emotional_stability 3 | innovativeness 2 | self_efficacy 1 | achievement -1 | locus_control -2;Espero a ver si se pone de moda en el pueblo de al lado. Si veo que allí funciona, entonces lo copio. Estrategia conservadora.;ambiguity_tolerance 1 | achievement -1;;
HOSTELERIA;35;La Meta Imposible;Te has propuesto doblar facturación este año para pagar la reforma. A mitad de año vas igual que el año pasado. Estás agotado de empujar y no ver resultados. El equipo también está cansado.;Sigo empujando. Reviso precios, horarios y turnos. No bajo la meta. El éxito es para los que resisten cuando duele. Resiliencia pura.;achievement 4 | ambiguity_tolerance 3 | emotional_stability -1;Bajo la meta y acepto que tardaré 3 años en pagar la reforma en vez de 1. Ajusto mis expectativas a la realidad para no frustrarme ni quemarme.;innovativeness 3 | locus_control 3 | ambiguity_tolerance 2 | self_efficacy 1 | achievement -1;"Culpo a la crisis, al clima o a las obras. ""No es culpa mía, es que no se puede"". Me instalo en la queja para proteger mi ego.";locus_control 3 | emotional_stability -1;Busco un socio inversor que ponga dinero para pagar la reforma y me quite la presión de la deuda, aunque pierda acciones de mi negocio.;emotional_stability 3 | risk_propensity -1 | autonomy 1;;
HOSTELERIA;36;Información Incompleta;Te ofrecen comprar el local de al lado para ampliar. El precio es bueno, pero no sabes si el Ayuntamiento dará licencia de terraza. Tienes 24h para decidir o se lo venden a otro.;Lo compro. Es una oportunidad única. Si no dan licencia, ya se me ocurrirá algo (o sobornaré a alguien, o haré un almacén). Me la juego.;risk_propensity 3 | autonomy 3 | ambiguity_tolerance 2 | self_efficacy 1 | emotional_stability -1 | locus_control -2;No compro. Sin certeza de licencia, el local no vale nada para mí. No invierto a ciegas. Dejo pasar el tren por seguridad.;locus_control 3 | emotional_stability -1;Pago una señal pequeña para reservar (opción de compra) condicionada a la licencia. Intento comprar tiempo con dinero para investigar.;self_efficacy 2 | innovativeness 3 | ambiguity_tolerance -1 | achievement -1;Busco un contacto en el Ayuntamiento desesperadamente para que me filtre información extraoficial en secreto antes de firmar.;innovativeness 3 | self_efficacy 2 | achievement -1;;
HOSTELERIA;37;Crítica Pública Viral;Un influencer local sube un vídeo diciendo que tu comida le sentó mal y acabó en el hospital. Es mentira (o no tienes constancia), pero el vídeo tiene 50k visitas y te insultan en redes.;Grabo un vídeo respuesta serio enseñando mis facturas de compra y análisis de sanidad recientes. Defiendo mi honor con datos y transparencia.;emotional_stability 3 | risk_propensity 3 | self_efficacy 1 | achievement -1 | locus_control -2;Me enfado muchísimo y le contesto insultándole en comentarios. Pierdo los papeles ante la injusticia y alimento el drama.;emotional_stability -3;No digo nada. Espero a que pase la tormenta. Internet olvida rápido. Cualquier respuesta es gasolina para el fuego. Silencio estratégico.;ambiguity_tolerance 3 | achievement -1;Le denuncio por difamación y daños al honor. Que se lo explique al juez. Judicializo el problema para limpiar mi nombre.;emotional_stability 3 | risk_propensity -1 | autonomy 1;;
HOSTELERIA;38;Burocracia vs Agilidad;Has abierto 3 locales. Ya no puedes estar en todos. Necesitas controlar. ¿Pones encargados con libertad o instalas cámaras y procesos rígidos para todo?;Libertad. Pongo encargados de confianza y les dejo hacer. Prefiero que se equivoquen a que sean robots. La hostelería es alma y personas.;autonomy 3 | ambiguity_tolerance 3 | self_efficacy 2 | risk_propensity 2 | innovativeness -1 | locus_control -2;Control total. Cámaras, fichajes, escandallos milimétricos. Quiero saber dónde está cada céntimo. La confianza es buena, el control es mejor.;achievement 4 | emotional_stability -1;Dejo que reine el caos y voy apagando fuegos yo mismo corriendo de un local a otro en moto. Soy el hombre orquesta estresado.;ambiguity_tolerance 1;Copio el manual de operaciones de Burger King. Estandarizo todo para que cualquiera pueda trabajar. McDonaldización del servicio.;achievement 3 | emotional_stability -1;;
HOSTELERIA;39;Esfuerzo sin Resultado;Tu equipo de cocina se ha currado un menú degustación nuevo increíble, pero nadie lo pide. Están frustrados y tristes. Quieren quitarlo de la carta.;Les digo que aguanten. El menú es bueno, el fallo es de marketing (mío). Voy a venderlo mejor. Valoro su esfuerzo y apuesto por él.;self_efficacy 2 | locus_control 3 | achievement 4 | ambiguity_tolerance -1;"Les felicito por el intento, pero lo quitamos. ""El mercado ha hablado"". No nos enamoramos de productos que no venden. Pragmatismo.";innovativeness 3 | autonomy 2 | locus_control 2 | self_efficacy 1 | achievement -1 | emotional_stability -1;"Les echo la bronca injustamente: ""Si fuera bueno, se vendería"". Transfiero mi frustración comercial al equipo técnico.";ambiguity_tolerance 1;Bajo el precio a coste para que la gente lo pruebe y ellos se sientan realizados viendo salir platos, aunque no gane dinero.;emotional_stability 3 | achievement -1;;
HOSTELERIA;40;Reinvención Personal;Llevas 20 años detrás de la barra. Te duelen las piernas y estás harto de borrachos. Pero es lo único que sabes hacer. Sientes que la vida se te escapa.;"Me formo en gestión y paso a ser ""Gerente"". Dejo la barra, contrato camareros y me dedico a los números y la estrategia. Evoluciono.";innovativeness 3 | self_efficacy 1 | achievement -1 | emotional_stability -1;Delego totalmente en un encargado y me convierto en inversor ausente. Voy solo a recoger la caja. Me jubilo en vida del trabajo físico.;self_efficacy 2 | ambiguity_tolerance 3 | autonomy 3 | achievement -1;"Sigo en la barra quejándome todos los días. ""Es mi cruz"". Acepto mi destino de sufridor sin cambiar nada.";locus_control 3 | ambiguity_tolerance 2 | emotional_stability -1;Vendo el bar. Cambio de vida radicalmente. Monto una ferretería o me voy al campo. Reinicio el sistema antes de que sea tarde.;risk_propensity 3 | innovativeness 3 | self_efficacy 1 | emotional_stability -1 | achievement -1 | locus_control -2;;
AUTOEMPLEO;1;La Trampa de la Tarifa Baja;"Acabas de lanzarte como freelance. Tienes miedo de no conseguir clientes. Un amigo te ofrece tu primer trabajo, pero a un precio ridículo (5€/hora). Dice que te servirá para hacer portfolio. Sabes que si aceptas, te posicionas como ""barato"" desde el día 1 y será difícil subir.";Acepto. Necesito facturar y tener portfolio ya. El orgullo no paga facturas. Ya subiré precios cuando tenga cola de clientes y pueda elegir.;achievement 4 | risk_propensity 2 | self_efficacy 1 | emotional_stability -1 | locus_control -2;"Rechazo. ""Si cobras cacahuetes, te tratarán como a un mono"". Prefiero dedicar ese tiempo a buscar clientes que paguen lo que valgo. Mi marca empieza hoy.";self_efficacy 2 | risk_propensity 2 | ambiguity_tolerance 2 | achievement -1 | locus_control -2;"Acepto pero le pido a cambio un testimonio en vídeo y permiso para usar el trabajo en mi web como ""caso de éxito"". Cobro en reputación, no en dinero.";innovativeness 3 | self_efficacy 1 | achievement -1;"Le digo que mi tarifa es X, pero le hago un ""descuento de amigo"" del 20% solo esta vez. Marco mi valor real aunque cobre menos para no devaluarme.";self_efficacy 2 | autonomy 2 | emotional_stability 1 | ambiguity_tolerance -1;;
AUTOEMPLEO;2;Vacaciones vs Cliente;Es Agosto. Llevas un año sin vacaciones. Tienes un viaje pagado con tu pareja. Un cliente nuevo te llama para un proyecto urgente y muy bien pagado justo para esa semana. Si dices que no, quizás no te vuelva a llamar nunca.;Cancelo el viaje. Soy autónomo, las vacaciones son un lujo que no me puedo permitir si quiero crecer. Mi pareja lo entenderá (o no). Prioridad al negocio.;locus_control 3 | autonomy 3 | emotional_stability -1;Digo que no al cliente. Mi salud mental y mi relación son sagradas. Si soy bueno, me esperará o me llamará para otro proyecto. Pongo límites.;emotional_stability 3 | autonomy 3 | self_efficacy 1 | risk_propensity -1;Me llevo el portátil a la playa y trabajo las mañanas y noches, intentando salvar el viaje y el dinero. Acabaré agotado y discutiendo, pero facturo.;ambiguity_tolerance 2 | achievement -1;Subcontrato el trabajo a otro freelance de confianza y me llevo una comisión. Gano menos, pero salvo las vacaciones y al cliente. Inteligencia de red.;self_efficacy 2 | innovativeness 3 | ambiguity_tolerance 2 | achievement -1;;
AUTOEMPLEO;3;El Cliente Vampiro;Tienes un cliente que te paga una iguala mensual (retainer) de 500€. Pero te llama a todas horas, te pide cambios infinitos y te trata como si fueras su empleado exclusivo. Te está consumiendo el 80% de tu tiempo y energía.;Le despido. Le digo que nuestro acuerdo no es rentable y corto la relación. Pierdo 500€ fijos pero recupero mi vida para buscar clientes mejores.;self_efficacy 2 | risk_propensity 3 | ambiguity_tolerance -1 | locus_control -2;Aguanto. 500€ son 500€ y la calle está muy mala. Intento poner límites poco a poco sin enfadarle, aunque me cueste la salud. Miedo a perder.;ambiguity_tolerance 2 | achievement -1;Le subo la tarifa a 1.500€ para renovar. Si acepta, compensa el dolor. Si no, se va él y yo quedo bien. Estrategia de precio disuasorio.;self_efficacy 2 | innovativeness 2 | ambiguity_tolerance -1 | achievement -1;Empiezo a tardar en contestarle y entregarle trabajos mediocres para que se aburra y se vaya él. Huelga de celo pasivo-agresiva.;ambiguity_tolerance 1 | achievement -1;;
AUTOEMPLEO;4;Especialista vs Generalista;"Te das cuenta de que haces de todo: logos, webs, redes sociales... Eres ""el chico de los ordenadores"". Te dicen que para ganar dinero tienes que especializarte en una sola cosa (nicho), pero te da miedo cerrar puertas a trabajos.";"Me especializo radicalmente (ej: ""Webs para dentistas""). Borro todo lo demás de mi web. Me arriesgo a perder clientes genéricos para ser el experto caro.";innovativeness 3 | risk_propensity 2 | self_efficacy 1 | achievement -1 | locus_control -2;"Sigo siendo generalista. ""Yo hago lo que me pidan"". Me da seguridad tener muchas fuentes de ingresos diferentes, aunque cobre menos. Supervivencia.";innovativeness 2 | self_efficacy 1 | achievement -1;Creo marcas diferentes para cada servicio. Una web de diseño, otra de marketing. Parezco una agencia grande aunque soy yo solo en pijama. Apariencia.;autonomy 1 | innovativeness -1 | emotional_stability 2;Me asocio con otros dos freelances especialistas y montamos un colectivo para ofrecer servicio completo sin hacerlo yo todo. Sinergia.;self_efficacy 2 | achievement 2 | ambiguity_tolerance -1;;
AUTOEMPLEO;5;"El Impago del """"Amigo""""";"Hiciste un trabajo sin presupuesto firmado a un conocido ""de confianza"". Te debe 1.000€ y te da largas. No tienes papeles para reclamar legalmente. Te sientes estafado y tonto.";Voy a su casa/oficina y le monto un pollo. No me muevo hasta que me pague. La vergüenza ajena es mi arma. Justicia por la mano.;self_efficacy 2 | emotional_stability 3 | ambiguity_tolerance -1;Doy el dinero por perdido. Fue culpa mía por no firmar nada. Aprendo la lección y no vuelvo a trabajar sin contrato ni anticipo. Coste de aprendizaje.;locus_control 3 | innovativeness 3 | ambiguity_tolerance 2 | self_efficacy 1 | emotional_stability -1 | achievement -1;Le escribo a su mujer/socios/jefe contándoles lo que ha pasado para presionarle socialmente. Guerra sucia para cobrar.;emotional_stability -1;Le ofrezco un plan de pagos de 100€ al mes. Intento facilitarle la vida para cobrar algo, aunque sea tarde. Pragmatismo resignado.;self_efficacy 2 | emotional_stability 2 | ambiguity_tolerance 2 | achievement 2 | risk_propensity -1;;
AUTOEMPLEO;6;Trabajar en Pijama;Llevas 6 meses trabajando desde el sofá en pijama. Te sientes solo, desmotivado y tu casa es un caos. Un Coworking cuesta 200€/mes, que es dinero que te duele gastar ahora mismo.;Pago el Coworking. Necesito separar casa y trabajo, ver gente y vestirme por la mañana. Es una inversión en salud mental y productividad necesaria.;achievement 4 | risk_propensity 2 | self_efficacy 1 | emotional_stability -1 | locus_control -2;Sigo en casa pero me monto una oficina estricta en una habitación. Me visto y cumplo horario. Autodisciplina militar a coste cero.;achievement 4 | emotional_stability -1;Me voy a trabajar a bibliotecas públicas o cafeterías cada día. Busco ambiente gratis, aunque sea incómodo y ruidoso. Solución intermedia.;innovativeness 3 | self_efficacy 1 | achievement -1;Sigo en el sofá. Estoy cómodo y ahorro dinero. Ya me motivaré cuando entre un proyecto chulo. Inercia y comodidad.;ambiguity_tolerance 1 | achievement -1;;
AUTOEMPLEO;7;La Oferta de Empleo;Una empresa cliente te ofrece contratarte en plantilla. Sueldo fijo, horario, compañeros. Se acabaría la incertidumbre de ser autónomo. Pero perderías tu libertad y tus otros clientes.;"Acepto. Estoy harto de la ""montaña rusa"" de ingresos y de pagar la cuota de autónomos. Quiero estabilidad y paz mental. Me rindo a la nómina.";autonomy 3 | locus_control 2 | innovativeness -1;Rechazo. Soy inempleable. No soporto tener jefe ni horarios. Prefiero la incertidumbre de la selva a la seguridad del zoo. Libertad o muerte.;autonomy 3 | risk_propensity 2 | self_efficacy 1 | innovativeness -1 | locus_control -2;Pido un contrato de media jornada o freelance con horas aseguradas. Intento negociar un híbrido para mantener otros clientes y seguridad.;self_efficacy 2 | innovativeness 3 | emotional_stability 2 | ambiguity_tolerance -1 | achievement -1;"Les digo que no, pero les propongo que me paguen un ""fee"" mensual más alto por prioridad. Uso la oferta para subir mis tarifas como externo.";self_efficacy 2 | innovativeness 1 | ambiguity_tolerance -1;;
AUTOEMPLEO;8;Marca Personal vs Anonimato;Te dicen que tienes que publicar en LinkedIn y hacer vídeos en TikTok para conseguir clientes. Te da vergüenza y te parece postureo. Tú eres técnico, no showman.;Me lanzo a crear contenido aunque me dé vergüenza. El mercado es un concurso de popularidad y tengo que jugarlo para comer. Salgo de la cueva.;innovativeness 3 | risk_propensity 3 | self_efficacy 1 | achievement -1 | locus_control -2;Paso de las redes. Me centro en el boca a boca y en hacer un trabajo excelente. La calidad es el mejor marketing y el tiempo me dará la razón.;emotional_stability 3 | achievement 3 | ambiguity_tolerance 2 | risk_propensity -1;Contrato a alguien (o uso IA) para que me lleve las redes. Quiero los resultados pero no quiero hacerlo yo. Delega lo que odias.;self_efficacy 2 | achievement 3 | risk_propensity 2 | ambiguity_tolerance -1 | locus_control -2;Escribo artículos técnicos muy profundos en un blog. Me posiciono como experto serio, no como payaso de vídeo. Marca personal intelectual.;self_efficacy 2 | ambiguity_tolerance -1;;
AUTOEMPLEO;9;Enfermar siendo Autónomo;Te levantas con 39 de fiebre. Tienes una entrega hoy. Si no entregas, pierdes el cliente y quedas mal. Si trabajas, puedes empeorar y acabar en el hospital.;"Trabajo con fiebre. Me medico a tope y saco el trabajo. ""Los autónomos no se ponen malos"". El compromiso es total y mi cuerpo aguanta.";ambiguity_tolerance 3 | locus_control 2 | achievement -1;Aviso al cliente y pido 24h de prórroga. Soy humano y si el cliente no lo entiende, no merece la pena. La salud es lo primero.;emotional_stability 3 | self_efficacy 2 | autonomy 2 | risk_propensity 1 | achievement -1;Entrego lo que tenga hecho (un borrador) explicando que estoy enfermo, para cumplir parcialmente y ganar tiempo.;emotional_stability 2 | risk_propensity -1 | autonomy 1;Subcontrato a un compañero de urgencia para que termine el trabajo por mí, aunque me cueste todo el margen del proyecto. Solución profesional.;self_efficacy 2 | ambiguity_tolerance -1;;
AUTOEMPLEO;10;Falsos Autónomos;Una empresa te ofrece trabajar para ellos 40h a la semana, en su oficina, con sus ordenadores... pero facturando como autónomo para ahorrarse ellos la seguridad social. Es ilegal pero es dinero seguro.;Acepto. Necesito el dinero y me da igual la legalidad. Es un trabajo y punto. Ya veré si luego les denuncio cuando me echen.;achievement 4 | emotional_stability -1;Rechazo. Eso es ser un falso autónomo y es precariedad. No paso por el aro. Busco clientes de verdad, no explotadores.;emotional_stability 3 | autonomy 2 | risk_propensity 2 | self_efficacy 1 | achievement -1 | locus_control -2;Acepto pero les cobro una tarifa mucho más alta (x1.5) para compensar mis impuestos y falta de derechos. Si quieren flexibilidad, que la paguen.;self_efficacy 2 | achievement 4 | emotional_stability 1 | ambiguity_tolerance -1;Les propongo trabajar por objetivos desde mi casa. Si consigo convertirlo en un trabajo real de freelance, acepto. Redefino la relación.;innovativeness 3 | autonomy 2 | self_efficacy 1 | achievement -1;;
AUTOEMPLEO;11;El Cliente que sabe más que tú;Un cliente te contrata para diseñar su web pero te dice qué color poner, qué letra usar y dónde colocar el logo. Tiene un gusto horrible. Si le haces caso, el resultado será una basura que no podrás poner en tu portfolio.;Hago lo que pide. El cliente paga, el cliente manda. Soy un mercenario, no un artista. Cobro y me olvido. Menos problemas.;autonomy 2 | innovativeness -1;Me niego a hacer algo feo. Intento educarle y explicarle por qué su idea es mala. Si insiste, renuncio al proyecto. Mi nombre va en ello.;emotional_stability 3 | self_efficacy 1 | risk_propensity -1;Hago dos versiones: la que él quiere y la que yo creo que es buena. Intento convencerle con hechos visuales. Esfuerzo extra para educar.;self_efficacy 1 | ambiguity_tolerance 1 | achievement -1;"Hago lo que pide para cobrar, pero no firmo el trabajo ni lo pongo en mi web. ""Dinero fantasma"". Cobro la vergüenza.";achievement 3 | emotional_stability -1;;
AUTOEMPLEO;12;Diversificar o Morir;Todos tus ingresos vienen de hacer webs en WordPress. Oyes que la IA va a hacer webs sola pronto. Sientes que tu oficio tiene fecha de caducidad. Te da miedo quedarte obsoleto.;Empiezo a estudiar IA y automatizaciones por las noches. Me reciclo antes de que me coma la ola. Evolución constante y curiosidad.;ambiguity_tolerance 1;"Sigo con WordPress. ""Siempre habrá clientes que quieran trato humano"". Confío en mi cartera de clientes fieles. Resistencia al cambio.";ambiguity_tolerance 3 | achievement -1;Busco un trabajo por cuenta ajena para refugiarme. Veo venir el invierno y prefiero estar bajo techo antes de que sea tarde.;innovativeness 1 | self_efficacy -1;Creo un producto (plantillas, plugins) para vender pasivamente y no depender de mis horas de trabajo. Salgo de la carrera de la rata.;innovativeness 3 | autonomy 2 | self_efficacy 1 | achievement -1;;
AUTOEMPLEO;13;La Soledad del Freelance;Llevas una semana sin hablar con nadie en persona. Solo emails y Zoom. Te sientes aislado, triste y desconectado del mundo. Tu rendimiento baja por la falta de estímulos.;Me apunto a actividades de grupo (deporte, clases) fuera del trabajo para socializar. Separo vida social de laboral. Invierto en vida.;emotional_stability 3 | risk_propensity -1 | autonomy 1;"Busco socios o colaboradores para montar una ""agencia virtual"". Necesito compañeros de trinchera para compartir penas y glorias profesionales.";self_efficacy 2 | ambiguity_tolerance -1;Me voy a trabajar a un bar para ver gente, aunque sea ruido de fondo. Solución parche para engañar al cerebro.;achievement -1;"Lo acepto como el precio de la libertad. ""Mejor solo que mal acompañado"". Me vuelvo un lobo estepario y aguanto.";ambiguity_tolerance 3 | autonomy 3 | achievement -1;;
AUTOEMPLEO;14;Subir Tarifas;Llevas 3 años cobrando lo mismo. La inflación te come el beneficio. Tienes miedo de que si subes precios, tus clientes antiguos se vayan y te quedes sin nada.;Subo tarifas un 20% a todos mañana mismo. Envío un email explicando la subida. Si alguno se va, dejará hueco para clientes mejores.;self_efficacy 2 | risk_propensity 2 | achievement 3 | ambiguity_tolerance -1 | locus_control -2;Mantengo precios a los antiguos por lealtad y solo subo a los nuevos. Acabo cobrando diferente por el mismo trabajo, lo que es un lío.;autonomy 3 | innovativeness -1 | emotional_stability 2;"No subo precios, pero empiezo a cobrar los ""extras"" que antes regalaba. Subida encubierta para no asustar.";innovativeness 3 | self_efficacy 1 | achievement -1;No subo nada. Me da pánico perder lo que tengo. Trabajo más horas para ganar lo mismo. Autoexplotación por miedo.;achievement 4 | emotional_stability -1;;
AUTOEMPLEO;15;El Proyecto Grande;Te ofrecen un proyecto gigante que te ocupará 6 meses full-time. Es mucho dinero seguro, pero tendrás que decir que no a tus otros clientes pequeños y recurrentes. Si el proyecto grande se acaba y no renuevan, te quedas sin nada.;"Lo cojo. Es la oportunidad de dar un salto de nivel y facturar en serio. ""El que no arriesga no gana"". Apuesto todo al negro.";achievement 4 | risk_propensity 3 | self_efficacy 1 | emotional_stability -1 | locus_control -2;Lo rechazo. Prefiero tener 10 clientes pequeños que uno gigante. La diversificación es mi seguridad. No quiero poner todos los huevos en la misma cesta.;ambiguity_tolerance 1;Lo cojo y subcontrato parte del trabajo a otros freelances para poder mantener a mis clientes pequeños. Me convierto en mini-agencia.;self_efficacy 2 | ambiguity_tolerance -1;Intento negociar hacerlo a media jornada para no soltar del todo a los otros. Seguramente me digan que no, pero lo intento.;self_efficacy 2 | emotional_stability 2 | ambiguity_tolerance -1;;
AUTOEMPLEO;16;Trabajar en Negro;"Un cliente particular te pide que no le hagas factura para ahorrarse el IVA. ""¿Me lo puedes hacer en B?"". Es un dinero limpio para ti también y el cliente insiste.";"Acepto. ""Hacienda ya nos roba bastante"". Es un acto de rebeldía y beneficio mutuo. Economía sumergida y riesgo fiscal.";risk_propensity 2 | achievement 3 | self_efficacy 1 | locus_control -2 | emotional_stability -2;Me niego. Todo con factura. Quiero dormir tranquilo y contribuir a la sociedad (o evitar multas). Soy un profesional serio.;emotional_stability 3 | risk_propensity -1 | autonomy 1;Le digo que sin factura no hay garantía ni reclamaciones. Si acepta el riesgo de desprotección, lo hago.;risk_propensity 2 | achievement 3 | self_efficacy 1 | emotional_stability -1 | locus_control -2;Le ofrezco un descuento del 10% si lo hacemos con factura, asumiendo yo parte del coste para ir legal. Solución intermedia.;self_efficacy 2 | emotional_stability 2 | innovativeness 2 | achievement -1;;
AUTOEMPLEO;17;El Curso Online;Te planteas lanzar un curso online para enseñar lo que sabes y tener ingresos pasivos. Pero te da miedo que nadie lo compre y haber trabajado 2 meses para nada. Síndrome del impostor.;Lo lanzo. Grabo los vídeos, monto la web y hago campaña. Es una inversión de riesgo. Si sale bien, escalo. Si sale mal, aprendo.;risk_propensity 3 | self_efficacy 1 | emotional_stability -1 | locus_control -2;Hago una preventa. Solo creo el curso si vendo 10 plazas antes. Valido la idea sin trabajar en vacío. Lean Startup inteligente.;autonomy 3 | achievement 3 | innovativeness -1;"No lo hago. Me centro en dar servicios, que es dinero seguro hoy. ""Los experimentos con gaseosa"". Miedo al fracaso.";achievement 4 | locus_control 2 | emotional_stability -1;Empiezo a escribir un blog/newsletter sobre el tema para crear audiencia poco a poco antes de vender nada. Estrategia a largo plazo.;ambiguity_tolerance 3 | innovativeness 2 | self_efficacy 1 | achievement -1;;
AUTOEMPLEO;18;Productividad vs Caos;Te pasas el día apagando fuegos, contestando emails y no avanzas en el trabajo importante. Sientes que eres esclavo de tu bandeja de entrada y trabajas muchas horas para poco resultado.;Implemento un sistema estricto (Time Blocking, GTD). Solo miro el email 2 veces al día. Apago el móvil. Recupero el control a la fuerza.;autonomy 3 | innovativeness -1 | emotional_stability 2;"Sigo igual. ""El cliente necesita respuesta inmediata"". Vivo en la interrupción constante porque creo que eso es dar buen servicio. Autoengaño.";ambiguity_tolerance 1;Contrato a un Asistente Virtual por horas para que me filtre el correo y la agenda. Compro tiempo con dinero. Primer paso para escalar.;self_efficacy 2 | risk_propensity 3 | achievement 3 | autonomy 2 | ambiguity_tolerance -1 | locus_control -2;Trabajo por las noches o fines de semana cuando nadie molesta para sacar el trabajo real. Sacrificio personal insostenible.;ambiguity_tolerance 2 | achievement -1;;
AUTOEMPLEO;19;El Cliente Extranjero;Te contacta una empresa de EEUU. Pagan el triple que en España, pero piden un nivel de inglés perfecto y reuniones a horas raras. Tu inglés es medio y te da inseguridad.;Me tiro a la piscina. Acepto y uso traductores, me preparo las reuniones con guión y tomo clases intensivas. Oportunidad de oro para crecer.;risk_propensity 3 | achievement 4 | self_efficacy 1 | emotional_stability -1 | locus_control -2;No me atrevo. Me da miedo no entenderles y quedar mal. Les digo que no tengo disponibilidad. Síndrome del impostor me paraliza.;risk_propensity -1 | emotional_stability 2 | autonomy 1;"Busco a un socio/amigo que hable inglés perfecto para que haga de ""cara"" en las reuniones mientras yo hago el trabajo técnico.";self_efficacy 2 | innovativeness 3 | ambiguity_tolerance -1 | achievement -1;Les digo que mi inglés no es nativo desde el principio. Si les vale mi trabajo técnico, adelante. Honestidad brutal.;emotional_stability 3 | self_efficacy 1 | locus_control 2 | risk_propensity -1;;
AUTOEMPLEO;20;Volver a Casa de los Padres;El negocio va mal. No puedes pagar el alquiler de tu piso. Tienes 35 años. La opción es volver a casa de tus padres para ahorrar o cerrar el negocio y buscar empleo para pagar el piso.;Vuelvo con mis padres. Mi sueño empresarial es lo primero. Trago mi orgullo y reduzco mis gastos a cero para seguir luchando. Resiliencia extrema.;ambiguity_tolerance 3 | emotional_stability 2 | achievement -1;Cierro el negocio y busco empleo. La independencia personal es innegociable. No puedo volver atrás en la vida. Acepto la derrota empresarial.;autonomy 3 | locus_control 3 | innovativeness -1;Pido dinero prestado a amigos/banco para seguir pagando el alquiler unos meses más, esperando que la cosa mejore. Huida hacia adelante peligrosa.;ambiguity_tolerance 3 | risk_propensity 3 | self_efficacy 1 | achievement -1 | locus_control -2;Me busco un piso compartido barato o me mudo a un pueblo perdido para bajar costes sin volver con mis padres. Solución creativa de supervivencia.;innovativeness 3 | self_efficacy 1 | achievement -1;;
AUTOEMPLEO;21;Invertir en Publicidad;Has ahorrado 2.000€. Puedes gastarlos en anuncios (Facebook/Google) para conseguir clientes nuevos o guardarlos por si vienen vacas flacas. Nunca has hecho publicidad y te da miedo tirar el dinero.;Invierto los 2.000€ en publicidad. Sin gasolina el coche no anda. Asumo el riesgo de perderlo a cambio de la posibilidad de crecer. Mentalidad de abundancia.;achievement 4 | locus_control 3 | emotional_stability -1;"Guardo el dinero. ""Mejor pájaro en mano"". La incertidumbre económica me paraliza y prefiero tener colchón. Mentalidad de escasez.";ambiguity_tolerance 1;Aprendo a hacer publicidad yo mismo con cursos baratos e invierto solo 500€ para probar. Minimizo riesgo pero actúo.;emotional_stability 2 | autonomy 2 | risk_propensity -1;Contrato a un experto a comisión. Si él vende, yo pago. Intento trasladar el riesgo a otro.;self_efficacy 2 | ambiguity_tolerance -1;;
AUTOEMPLEO;22;El Título Universitario;Un cliente potencial te pide tu título universitario o certificaciones oficiales. Tú eres autodidacta y sabes más que nadie, pero no tienes el papel. Sientes que vas a perder el trabajo por burocracia.;"Les digo la verdad: ""No tengo título, pero mira mi portfolio"". Defiendo mi valía por resultados, no por títulos. Si no me quieren, no son para mí.";self_efficacy 2 | emotional_stability 2 | ambiguity_tolerance -1;"Me saco una certificación rápida online este fin de semana para tener ""un papel"" que enseñar. Cumplo el trámite burocrático.";innovativeness 3 | self_efficacy 1 | risk_propensity 1 | achievement -1;"Miento diciendo que lo tengo pero ""no lo encuentro"" o está en trámite, esperando que se olviden. Riesgo de ser pillado.";risk_propensity 2 | self_efficacy 1 | emotional_stability -1 | locus_control -2;Les ofrezco hacer una prueba técnica gratuita para demostrar que sé hacerlo. Sustituyo el título por hechos.;self_efficacy 2 | ambiguity_tolerance -1;;
AUTOEMPLEO;23;Salud Postural;Te duele la espalda y las muñecas de estar 10 horas al ordenador en una silla de cocina. Una silla ergonómica buena cuesta 600€. Te parece un robo.;Compro la silla de 600€. Mi cuerpo es mi herramienta de trabajo. Si yo me rompo, el negocio se para. Inversión en salud.;emotional_stability 3 | risk_propensity 3 | innovativeness 2 | self_efficacy 1 | achievement -1 | locus_control -2;"Sigo con la silla mala. ""Ya la compraré cuando gane más"". Priorizo el dinero sobre mi bienestar físico. Cortoplacismo.";achievement 3 | emotional_stability -1;Me apunto al gimnasio para fortalecer la espalda en vez de comprar la silla. Solución activa.;achievement 4 | emotional_stability -1;Compro una silla barata de 100€ que parece buena pero no lo es. Parche temporal que acabará saliendo caro.;ambiguity_tolerance 1 | achievement -1;;
AUTOEMPLEO;24;El Copión;Descubres que otro freelance te ha copiado los textos de tu web y tu propuesta de servicios casi palabra por palabra. Te hierve la sangre.;Le escribo amenazando con acciones legales si no lo quita en 24h. Defiendo mi propiedad intelectual con agresividad. Tolerancia cero.;self_efficacy 2 | emotional_stability 2 | ambiguity_tolerance -1;"Lo ignoro. ""Si me copian es que voy delante"". Me centro en seguir innovando. No gasto energía en mediocres.";self_efficacy 2 | achievement 4 | ambiguity_tolerance 2 | risk_propensity -1;Le expongo públicamente en redes sociales para avergonzarle. Busco el linchamiento digital del copión.;ambiguity_tolerance 1;Cambio mis textos para que sean mejores y dejarle a él con la versión vieja. Uso la rabia para mejorar.;innovativeness 2 | self_efficacy 1 | achievement -1;;
AUTOEMPLEO;25;El Networking Forzado;"Te invitan a una cena de emprendedores. Odias esos eventos, te sientes incómodo y falso. Pero sabes que ""hay que estar"".";Voy y me obligo a hablar con 5 personas nuevas. Salgo de mi zona de confort porque es parte del trabajo. Disciplina social.;innovativeness 2 | self_efficacy 1 | achievement -1 | emotional_stability -1;No voy. Me quedo en casa trabajando o descansando. No creo en las relaciones forzadas. Respeto mi naturaleza introvertida.;autonomy 3 | innovativeness -1;Voy pero me quedo en una esquina con el móvil o hablando con quien ya conozco. Cumplo presencialmente pero no socialmente.;ambiguity_tolerance 1;Busco eventos online donde pueda relacionarme sin la presión física. Adapto el networking a mi estilo.;innovativeness 3 | self_efficacy 1 | achievement -1;;
AUTOEMPLEO;26;Delegar lo Técnico;Tienes demasiado trabajo técnico. Podrías contratar a un junior para que haga lo básico y tú dedicarte a vender y dirigir. Pero te da miedo que lo haga peor que tú.;Contrato al junior. Asumo que al principio lo hará peor, pero le enseñaré. Necesito escalar y dejar de ser el cuello de botella.;self_efficacy 2 | locus_control 2 | ambiguity_tolerance -1;"Sigo haciéndolo yo todo. ""Nadie lo hace como yo"". Prefiero trabajar 12 horas y asegurar la calidad que delegar. Artesano esclavo.";ambiguity_tolerance 1 | self_efficacy -2;Contrato a un senior caro para no tener que enseñarle. Gano menos margen pero duermo tranquilo.;ambiguity_tolerance 1;Automatizo todo lo que pueda con software para no tener que contratar personas. Confío en las máquinas antes que en la gente.;autonomy 2 | innovativeness -1;;
AUTOEMPLEO;27;La Jubilación del Autónomo;Te das cuenta de que tu pensión de autónomo será ridícula. Tienes que ahorrar tú mismo para el futuro, pero ahora vas justo de dinero.;"Empiezo a ahorrar el 10% de mis ingresos pase lo que pase. Me pago a mí mismo primero. El ""Yo del futuro"" me lo agradecerá.";locus_control 3 | innovativeness 2 | self_efficacy 1 | achievement -1 | emotional_stability -1;"No ahorro nada. ""Ya vendrán tiempos mejores"". Vivo al día y confío en que el negocio explotará en el futuro. Optimismo peligroso.";ambiguity_tolerance 3 | risk_propensity 2 | self_efficacy 1 | achievement -1 | locus_control -2;Invierto en el negocio para que crezca y valga dinero al venderlo. Mi empresa es mi plan de pensiones.;achievement 4 | risk_propensity 3 | self_efficacy 1 | emotional_stability -1 | locus_control -2;Me busco un plan de pensiones privado barato para cumplir el expediente, aunque meta poco dinero.;achievement 4 | emotional_stability -1;;
AUTOEMPLEO;28;Feedback Negativo;"Un cliente te dice que tu trabajo no le gusta nada. ""Esto no vale lo que cobras"". Te sientes hundido y atacado.";Respiro, escucho, pregunto detalles objetivos y ofrezco soluciones. Separo mi ego de mi trabajo. Profesionalidad estoica.;emotional_stability 3 | ambiguity_tolerance 2 | risk_propensity -1;Me pongo a la defensiva y le digo que no tiene criterio. Discuto con el cliente. Mi ego artístico está herido.;ambiguity_tolerance 1;Me deprimo, pienso que soy un fraude y me paso dos días sin trabajar. Síndrome del impostor agudo.;ambiguity_tolerance 1;Le devuelvo el dinero inmediatamente para que se calle y se vaya. Compro mi paz y evito el conflicto.;emotional_stability 3 | risk_propensity -1;;
AUTOEMPLEO;29;Trabajar en Festivos;Es Semana Santa. Todos tus amigos se van de viaje. Tú tienes trabajo acumulado. La tentación de irte es enorme, pero el deber llama.;"Me quedo trabajando. ""Sarna con gusto no pica"". Aprovecho que el mundo para para adelantar. El sacrificio es el precio de la libertad futura.";autonomy 3 | innovativeness -1 | emotional_stability 2;Me voy con ellos. La vida son dos días. Ya trabajaré el doble a la vuelta. Priorizo vivir experiencias.;innovativeness 3 | self_efficacy 1 | achievement -1;"Trabajo por las mañanas en el destino de vacaciones. Soy ""Nómada Digital"" a medias. Intento tenerlo todo.";locus_control 3 | innovativeness 2 | self_efficacy 1 | emotional_stability -1 | achievement -1;Me quedo pero trabajo a medio gas, enfadado y mirando Instagram. Ni descanso ni produzco.;ambiguity_tolerance 1 | achievement -1;;
AUTOEMPLEO;30;El Espacio de Trabajo;Trabajas en la mesa del comedor. Tienes que recoger todo cada vez que comes. Tu familia se queja. Necesitas un despacho, pero implica mudarte a una casa más cara.;Me mudo a una casa con una habitación extra. Aumento mis costes fijos personales para mejorar mi negocio. Apuesta arriesgada.;risk_propensity 3 | self_efficacy 1 | locus_control -2 | emotional_stability -1;Sigo en el comedor. Ahorro dinero y me aguanto las quejas. La incomodidad es el motor para trabajar más rápido.;ambiguity_tolerance 3 | achievement -1;Alquilo un trastero o local barato sin ventanas cerca de casa para tener un zulo donde concentrarme.;innovativeness 3 | self_efficacy 1 | achievement -1;Pongo un biombo en el salón para separar visualmente. Solución estética que no arregla el problema de fondo.;ambiguity_tolerance 1 | achievement -1;;
AUTOEMPLEO;31;Vender a Puerta Fría;No entran clientes. Tienes que salir a vender. Llamar por teléfono, enviar emails a desconocidos. Te aterra el rechazo.;"Me pongo a llamar. Me trago el miedo y hago 10 llamadas al día. La venta es estadística. Cuantos más ""no"", más cerca del ""sí"".";risk_propensity 3 | self_efficacy 2 | ambiguity_tolerance 2 | emotional_stability -1 | locus_control -2;"No llamo. Me quedo ""mejorando la web"" o ""haciendo tarjetas"". Tareas de refugio para no enfrentar la realidad de la venta.";ambiguity_tolerance 1;Contrato a un comercial a comisión para que llame por mí. Intento que otro haga el trabajo sucio.;self_efficacy 2 | ambiguity_tolerance 1 | achievement -1;Hago spam masivo por email (ilegal) para no tener que hablar con nadie. Evitación tecnológica.;risk_propensity 2 | self_efficacy 1 | emotional_stability -1 | locus_control -2;;
AUTOEMPLEO;32;El Cliente Grande que Paga Tarde;Una multinacional quiere contratarte. Paga muy bien, pero a 90 o 120 días (confirming). Tienes que financiarte tú 3 meses.;Acepto. Es un cliente de prestigio y el dinero acabará llegando. Voy al banco a pedir póliza de crédito. Juego en grandes ligas.;achievement 4 | ambiguity_tolerance 2 | emotional_stability -1;"Rechazo. ""Yo no soy un banco"". Solo trabajo con quien paga al contado o a 30 días. Mi liquidez es sagrada.";autonomy 3 | innovativeness -1 | emotional_stability 2;Negocio un pronto pago con descuento. Les ofrezco un 5% de rebaja si me pagan en 10 días.;self_efficacy 2 | innovativeness 2 | ambiguity_tolerance -1 | achievement -1;Acepto y pido prestado a la familia para aguantar los 3 meses. Riesgo personal alto.;risk_propensity 2 | self_efficacy 1 | locus_control -2 | emotional_stability -1;;
AUTOEMPLEO;33;La Rutina Asfixiante;Todos los días son iguales. Te levantas, trabajas, comes, trabajas, duermes. Sientes que eres un hámster en la rueda. Has perdido la pasión.;Cambio mi rutina. Me obligo a salir, hacer deporte a mediodía o trabajar desde sitios nuevos. Rompo el bucle conscientemente.;emotional_stability 3 | innovativeness 3 | self_efficacy 1 | risk_propensity -1 | achievement -1;"Sigo igual. ""Es lo que hay"". La vida adulta es aburrida y hay que facturar. Resignación estoica.";achievement 4 | emotional_stability -1;Me busco un hobby apasionante fuera del trabajo para compensar el aburrimiento laboral.;emotional_stability 3 | risk_propensity -1 | autonomy 1;Empiezo a mirar ofertas de empleo para cambiar de aires radicalmente. Fantasía de escape.;innovativeness 2 | self_efficacy 1 | achievement -1;;
AUTOEMPLEO;34;Colaborar con la Competencia;Te sale un proyecto muy grande. Necesitas ayuda. ¿Llamas a otro freelance que hace lo mismo que tú (competencia) para colaborar?;Le llamo. Creo en la abundancia. Hoy por ti, mañana por mí. Juntos somos más fuertes y podemos coger proyectos grandes.;self_efficacy 2 | ambiguity_tolerance 3 | achievement 3 | risk_propensity -1;No le llamo. Me da miedo que me robe el cliente. Prefiero hacerlo solo reventándome a trabajar o decir que no.;autonomy 3 | innovativeness -1 | emotional_stability 2;Le llamo pero le hago firmar un contrato de confidencialidad y no competencia leonino. Colaboro con armadura.;ambiguity_tolerance 1;Subcontrato a alguien peor que yo para que no brille más. Mantengo mi estatus de experto.;self_efficacy 2 | ambiguity_tolerance -1;;
AUTOEMPLEO;35;El Precio de la Libertad;Un mes ganas 5.000€, el siguiente 0€. La incertidumbre te genera ansiedad y no duermes bien. Tu pareja te dice que busques algo estable.;Aguanto la incertidumbre. Es el precio de la libertad. Aprendo a gestionar mis emociones y mi ahorro. Soy dueño de mi vida.;ambiguity_tolerance 3 | autonomy 3 | locus_control 2 | achievement -1;Busco empleo. No valgo para esta angustia. Prefiero un sueldo bajo pero seguro que este sinvivir. Priorizo la paz.;ambiguity_tolerance 1;Busco un cliente recurrente (iguala) que me cubra el fijo, aunque sea aburrido, para tener una base. Estabilizo el barco.;innovativeness 3 | self_efficacy 1 | achievement -1;Me tomo pastillas para dormir y sigo adelante. Tapo el síntoma, no el problema.;ambiguity_tolerance 2 | achievement -1;;
AUTOEMPLEO;36;Derecho a la Desconexión;Es domingo. Te llega un email de un cliente. Tu móvil notifica. ¿Lo lees? ¿Contestas?;No lo leo. El domingo es sagrado. Apago notificaciones. Educo al cliente con mi silencio. Mañana a las 9:00 responderé.;autonomy 3 | achievement 4 | emotional_stability 3 | innovativeness -1;"Lo leo y contesto. ""El cliente agradecerá la rapidez"". Soy esclavo de la inmediatez y me da miedo parecer lento.";risk_propensity -1 | emotional_stability 2 | autonomy 1;Lo leo pero no contesto (lo programo para el lunes). Me quedo con la carga mental de saber el problema pero disimulo.;ambiguity_tolerance 1;"Contesto diciendo ""Lo miro el lunes"". Marco territorio pero demuestro que estoy ahí.";self_efficacy 2 | emotional_stability 1 | ambiguity_tolerance -1;;
AUTOEMPLEO;37;Despido de Cliente;"Tienes un cliente que paga, pero te cae mal, te quita energía y no te gusta su proyecto. ¿Le ""despides""?";Le despido. La vida es muy corta para trabajar con gente que no soporto. Dejo hueco para cosas mejores. Limpieza energética.;autonomy 3 | risk_propensity 3 | self_efficacy 1 | innovativeness -1 | locus_control -2;"Sigo con él. ""El dinero no tiene sentimientos"". Soy un profesional y cobro por trabajar, no por hacer amigos. Aguanto.";ambiguity_tolerance 2 | achievement -1;Le subo el precio hasta que se vaya él (o pague tanto que me compense). Estrategia pasiva.;innovativeness 3 | self_efficacy 1 | achievement -1;Le derivo a otro compañero (a cambio de comisión o no) para quitármelo de encima elegantemente.;innovativeness 3 | self_efficacy 1 | achievement -1;;
AUTOEMPLEO;38;Actualizar el Portfolio;"Tu web tiene trabajos de hace 3 años. No te representan. Deberías actualizarla, pero ""en casa del herrero, cuchillo de palo"".";Bloqueo una semana sin clientes para renovar mi web. Es mi escaparate y debe estar perfecto. Inversión en mí mismo.;ambiguity_tolerance 1;Lo dejo estar. Si ya tengo clientes, ¿para qué cambiar? La inercia puede más que la mejora. Procrastinación.;risk_propensity 1 | emotional_stability -1;Voy subiendo cosas a Instagram que es más rápido y dejo la web morir. Solución ágil.;innovativeness 3 | risk_propensity 2 | self_efficacy 1 | achievement -1 | locus_control -2;Pago a otro profesional para que me haga la web. Me convierto en cliente. La única forma de que salga.;self_efficacy 2 | risk_propensity 3 | emotional_stability 1 | ambiguity_tolerance -1 | locus_control -2;;
AUTOEMPLEO;39;Trabajar Gratis por Visibilidad;"Te ofrecen una charla o colaboración en un evento importante. No pagan, pero ""habrá gente importante"". ¿Vas?";Voy. Es marketing y branding. La visibilidad atrae oportunidades. Siembro para recoger. Generosidad estratégica.;ambiguity_tolerance 3 | self_efficacy 1 | risk_propensity 2 | achievement -1 | locus_control -2;"No voy. ""La visibilidad no paga el alquiler"". Si ellos cobran entrada, yo cobro por hablar. Dignidad profesional.";achievement 4 | self_efficacy 1 | emotional_stability 2 | risk_propensity -1;Voy pero vendo mis servicios descaradamente en la charla. Si no me pagan, yo hago mi anuncio. Cobro en leads.;self_efficacy 1 | risk_propensity 2 | ambiguity_tolerance -1 | locus_control -2;Pido al menos que me cubran gastos y me den la grabación del vídeo. Negocio mínimos.;self_efficacy 2 | achievement 3 | emotional_stability 1 | ambiguity_tolerance -1;;
AUTOEMPLEO;40;El Siguiente Nivel;Llevas 5 años de freelance. Te va bien, pero has tocado techo de facturación (vendes tu tiempo). ¿Qué haces?;Monto agencia. Contrato gente y dejo de producir para gestionar. Paso de autoempleado a empresario. Riesgo y crecimiento.;achievement 4 | risk_propensity 2 | self_efficacy 1 | emotional_stability -1 | locus_control -2;"Subo precios radicalmente. Me convierto en un ""boutique"" premium. Trabajo menos, gano más. Excelencia.";achievement 3 | emotional_stability -1;Me quedo como estoy. Soy feliz, gano suficiente y no quiero líos de personal. El crecimiento no es obligatorio.;ambiguity_tolerance 1;Creo productos digitales escalables. Busco ingresos desacoplados del tiempo. El santo grial.;innovativeness 3 | autonomy 2 | self_efficacy 1 | achievement -1;;
SOCIAL;1;Donación Tóxica;"Tu ONG está sin fondos y al borde del cierre. Una multinacional con mala fama (petróleo o tabaco) te ofrece 50.000€ de donación. Sabes que es ""Greenwashing"" para limpiar su imagen, pero con ese dinero salvas tu proyecto y a 500 familias un año entero.";Acepto el dinero. El fin justifica los medios. Me tapo la nariz y cojo el cheque. Mi prioridad son las familias, no mi pureza moral.;achievement 4 | emotional_stability -2;Rechazo la donación. Mi credibilidad es mi único activo. Si acepto dinero sucio, mis socios y voluntarios se irán. Morimos con dignidad.;emotional_stability 3 | risk_propensity 3 | self_efficacy 1 | achievement -1 | locus_control -2;Acepto el dinero pero intento ocultar su logo o minimizar su presencia pública. Juego al gato y al ratón con su departamento de marketing.;risk_propensity 2 | self_efficacy 1 | emotional_stability -1 | locus_control -2;Les propongo que donen a través de una fundación tercera anónima para que no se vincule su marca a la mía. Busco la trampa legal.;innovativeness 3 | self_efficacy 1 | emotional_stability 1 | achievement -1;;
SOCIAL;2;El Dilema del Financiador;Una Gran Fundación ofrece una inyección de fondos vital, pero exige imponer métricas de 'eficiencia' cuantitativa que ignoran la calidad humana de vuestra intervención.;Acepto los fondos. Sin recursos no hay ayuda. Maquillaremos los informes para cumplir sus KPI's mientras hacemos el trabajo real por debajo.;ambiguity_tolerance 3 | achievement -1;Rechazo la donación. Esa lógica mercantilista destruye el propósito de la ONG. Seguiremos precarios pero libres.;achievement 3 | emotional_stability -2;Negocio un modelo híbrido: acepto menos dinero a cambio de imponer nosotros los indicadores de éxito social.;self_efficacy 2 | emotional_stability 2 | risk_propensity 2 | ambiguity_tolerance -1 | locus_control -2;"Busco ""Pro Bono"" (trabajo gratis) de empresas grandes. Intento conseguir profesionales prestados sin pagar, mendigando horas corporativas.";innovativeness 3 | self_efficacy 2 | achievement -1;;
SOCIAL;3;La Tiranía de las Métricas;Un gran financiador internacional te pide métricas exactas de impacto (SROI) para darte una subvención. Tu trabajo es acompañamiento emocional y es difícil de medir en números. Si no das un Excel perfecto, no hay dinero.;"Me invento una métrica o extrapolo datos de forma muy creativa para cumplir el expediente. ""Si quieren números, les daré números"". Maquillo la realidad.";achievement 3 | emotional_stability -1;Les digo que lo nuestro no se mide en Excel y les invito a venir a verlo en persona. Confío en la fuerza de la realidad humana y renuncio al dato frío.;risk_propensity 3 | self_efficacy 1 | emotional_stability -1 | locus_control -2;Dedico el 30% del tiempo del equipo a rellenar excels y encuestas en vez de ayudar a gente, para cumplir con la burocracia exigida.;ambiguity_tolerance 1 | self_efficacy -2;"Contrato a una consultora externa para que haga el informe ""bonito"" y nos valide. Gasto dinero de ayuda en burocracia para conseguir más dinero.";self_efficacy 2 | ambiguity_tolerance -1;;
SOCIAL;4;El Beneficiario Conflictivo;Ayudas a jóvenes en riesgo de exclusión. Uno de ellos ha robado material de la oficina y agredido verbalmente a un compañero. Las normas del centro dicen expulsión inmediata, pero si le echas, volverá a la calle y se perderá para siempre.;Le expulso. Las normas son para todos. Si le perdono, pierdo la autoridad ante el resto del grupo y pongo en peligro al equipo.;emotional_stability 3 | achievement 4 | risk_propensity -1;Le doy otra oportunidad bajo vigilancia estricta. Mi misión es salvar a los casos difíciles, no solo a los fáciles. Asumo el riesgo de seguridad.;ambiguity_tolerance 3 | locus_control 3 | autonomy 2 | achievement -1;"Le cambio de centro o programa para ""esconder"" el problema sin echarle a la calle. Patada hacia adelante administrativa.";ambiguity_tolerance 1;Hago una asamblea con todos los jóvenes para que decidan ellos qué hacer con su compañero. Democratizo la justicia y la responsabilidad.;locus_control 2 | self_efficacy -1;;
SOCIAL;5;Sueldo del Fundador;"Llevas 2 años sin cobrar, viviendo de ahorros. La ONG empieza a tener ingresos. ¿Te pones un sueldo de mercado (40k) o un sueldo de supervivencia (15k)? Algunos donantes critican que en las ONGs se cobre ""tanto"".";"Me pongo sueldo de mercado. ""Si yo no estoy bien, el proyecto no funciona"". No soy un mártir, soy un profesional del sector social y valgo dinero.";locus_control 3 | emotional_stability -1;Sigo con sueldo de miseria o cero. Quiero que cada euro vaya a la causa. Mi sacrificio es mi aval moral ante los donantes y voluntarios.;ambiguity_tolerance 1;"Me pongo un sueldo bajo pero me paso gastos personales (coche, casa, comidas) a la ONG para compensar. ""Contabilidad creativa"".";emotional_stability -2;"Busco un trabajo a media jornada en una empresa privada y llevo la ONG por las tardes. Me convierto en ""héroe de fin de semana"" agotado.";autonomy 2 | innovativeness -1;;
SOCIAL;6;Alianza con el Enemigo;Una ONG grande y muy burocrática (la competencia) te ofrece absorber tu proyecto. Perderás tu marca, tu nombre y tu agilidad, pero tu proyecto tendrá recursos ilimitados y llegará a más gente.;Acepto. El ego no importa, importa la misión. Si con ellos llegamos a más gente, mi nombre da igual. Me disuelvo en la estructura.;emotional_stability 3 | achievement 3 | risk_propensity -1;Rechazo. Ellos son dinosaurios ineficientes. Se comerán el dinero en sueldos directivos y no llegará a la calle. Pequeño es hermoso y ágil.;autonomy 3 | innovativeness -1 | emotional_stability 2;"Negocio una ""federación"". Mantenemos marcas separadas pero compartimos servicios centrales. Intento tener lo mejor de los dos mundos.";self_efficacy 2 | innovativeness 2 | emotional_stability 2 | ambiguity_tolerance -1 | achievement -1;"Les pido dinero a cambio de ""asesorarles"" y transferirles mi know-how pero sin fusionarnos. Intento sacar recursos sin perder libertad.";autonomy 2 | achievement 2 | innovativeness -1;;
SOCIAL;7;El Político en la Foto;Un político local quiere venir a hacerse la foto a tu comedor social en plena campaña electoral. Te promete una subvención si le recibes bien y le dejas hablar. Te cae fatal su partido y sus políticas.;"Le recibo con alfombra roja. ""Si hay foto, hay dinero"". Soy pragmático. Uso al político igual que él me usa a mí. El dinero es para los usuarios.";achievement 4 | emotional_stability -1;"Le cierro la puerta. ""Aquí no se hace política con la pobreza"". Mantengo mi independencia a costa de perder la ayuda y ganar un enemigo.";emotional_stability 3 | autonomy 3 | risk_propensity -1 | self_efficacy -2;Le dejo venir pero no salgo yo en la foto. Mando a un voluntario o socio. Cobro el precio político pero salvo mi imagen personal.;innovativeness 2 | self_efficacy 1 | achievement -1;Aprovecho la visita para leerle un manifiesto crítico delante de las cámaras y dejarle en evidencia. Activismo de guerrilla arriesgado.;risk_propensity 3 | self_efficacy 1 | emotional_stability -1 | locus_control -2;;
SOCIAL;8;Vender Productos o Pedir;¿Basas tu modelo en vender productos solidarios (camisetas, café, artesanía) o en pedir donaciones a socios? Vender es trabajo empresarial duro, pedir es marketing emocional.;Vender. Quiero ser una Empresa Social autosuficiente. No quiero depender de la caridad de nadie. Fabricamos y vendemos valor real.;autonomy 3 | achievement 3 | innovativeness -1;Pedir. La gente quiere ayudar, no comprar camisetas feas. El fundraising es más eficiente en margen neto. Apelo a la solidaridad pura.;self_efficacy 2 | achievement 4 | ambiguity_tolerance -1;Hago las dos cosas mal. Intento vender y pedir a la vez y no tengo foco. Me disperso y el equipo se vuelve loco.;ambiguity_tolerance 1;"Busco ""Grandes Donantes"" (filántropos ricos) para no tener que vender al menudeo ni pedir 10 euros a la gente. Caza mayor.";innovativeness 2 | self_efficacy 1 | risk_propensity 1 | achievement -1 | emotional_stability -1;;
SOCIAL;9;Crisis de Comunicación;"Un beneficiario ha criticado tu ayuda en redes sociales diciendo que es ""paternalista"" y ""humillante"". Se abre un debate viral sobre el ""Salvador Blanco"". Tu reputación está en juego.";Escucho, callo y reflexiono públicamente. Admito que quizás tiene razón y abro un proceso de revisión de nuestra metodología. Humildad radical.;emotional_stability 3 | innovativeness 3 | self_efficacy 1 | risk_propensity -1 | achievement -1;"Me defiendo atacando. ""Encima de que ayudamos, se quejan"". Explico todo lo que hacemos por ellos con datos. Me siento incomprendido y dolido.";ambiguity_tolerance 1 | self_efficacy -2;"Ignoro la crítica. ""Los perros ladran, la caravana pasa"". Sigo trabajando. Las redes no son la vida real y esto pasará en dos días.";ambiguity_tolerance 3 | achievement 3 | risk_propensity -1;Contrato a un experto en comunicación de crisis para que escriba un comunicado aséptico y correcto. Respuesta corporativa defensiva.;self_efficacy 2 | ambiguity_tolerance -1;;
SOCIAL;10;Escalar o Profundizar;Tienes dinero para abrir sede en otra ciudad (Escalar impacto) o para dar mejor servicio en tu ciudad actual (Profundizar calidad).;"Escalo. El problema es global y hay que llegar a cuantos más mejor. ""Franquicio"" mi modelo social. Ambición de impacto numérico.";achievement 4 | emotional_stability -1;"Profundizo. Prefiero cambiar la vida de 100 personas de verdad, que ""tocar"" a 1.000 superficialmente. Calidad humana sobre cantidad estadística.";achievement 4 | emotional_stability -1;Intento hacer las dos cosas a la vez y casi quiebro por falta de recursos y estrés del equipo. El eterno dilema del emprendedor ambicioso.;achievement 4 | risk_propensity 2 | self_efficacy 1 | emotional_stability -1 | locus_control -2;Creo un manual/guía de código abierto para que otros copien mi modelo en otras ciudades sin que yo gaste dinero ni gestión.;innovativeness 3 | self_efficacy 1 | achievement -1;;
SOCIAL;11;El Proveedor Barato (y poco ético);Necesitas comprar 1.000 mochilas para una campaña escolar. El proveedor chino es baratísimo (pero sospechas explotación laboral). El proveedor local de comercio justo cuesta el triple. No tienes presupuesto para el caro.;Compro las chinas. Necesito las mochilas para los niños ya. El fin (ayudar a los niños de aquí) justifica los medios (comprar barato fuera).;achievement 3 | emotional_stability -2 | self_efficacy -2;Compro las justas. No puedo luchar contra la pobreza generando pobreza en otro lado. Compro 300 en vez de 1.000. Coherencia radical.;emotional_stability 3 | risk_propensity -1 | autonomy 1;Busco un donante de mochilas en especie (stock sobrante de una empresa) para no pagar nada. Economía circular y búsqueda de recursos.;innovativeness 3 | self_efficacy 1 | achievement -1;"Compro las baratas y le quito la etiqueta ""Made in China"" para que no se note en las fotos. Ojos que no ven, corazón que no siente.";risk_propensity 1 | emotional_stability -1;;
SOCIAL;12;Despido en la ONG;"Tienes que despedir a una trabajadora social que es muy querida por todos, pero no rinde, es desorganizada y no sabe usar ordenadores. En una ONG, despedir ""se ve muy mal"".";La despido con todo el dolor de mi corazón. Los recursos de los donantes son sagrados y no puedo pagar sueldos improductivos. Responsabilidad gerencial.;risk_propensity 3 | self_efficacy 1 | locus_control -2 | emotional_stability -1;"La mantengo hasta que se jubile. La trato como ""patrimonio de la ONG"". Asumo su coste como un valor social interno de cuidar a los nuestros.";locus_control 3 | emotional_stability -1;Le reduzco la jornada o le cambio las tareas para que moleste menos, esperando que se aburra y se vaya ella sola.;self_efficacy -1;Le busco trabajo en otra ONG amiga dándole buenas referencias (aunque sean mentira). Le paso el problema a otro.;self_efficacy 1 | emotional_stability -1;;
SOCIAL;13;Competencia entre ONGs;Otra ONG hace exactamente lo mismo que tú en el mismo barrio. Os peleáis por los mismos usuarios y las mismas subvenciones. ¿Colaborar o competir?;Compito a muerte. Intento demostrar que mi método es mejor para llevarme yo la financiación. El mercado social también es mercado y sobrevive el mejor.;locus_control 2 | emotional_stability -1;"Me reúno con ellos y propongo fusionarnos o repartirnos el territorio. ""La unión hace la fuerza"". Dejamos los egos fuera por el bien común.";self_efficacy 2 | achievement 3 | ambiguity_tolerance -1;Les ignoro y sigo a lo mío. Hay miseria para todos, desgraciadamente. No gasto energía en mirar al lado.;achievement 4 | autonomy 2 | emotional_stability -1;Les critico por lo bajo ante los financiadores para sembrar dudas sobre su gestión. Guerra sucia por los recursos.;risk_propensity 1 | emotional_stability -1;;
SOCIAL;14;El Voluntariado Corporativo;"Una gran empresa quiere mandar a 50 empleados un viernes a ""pintar paredes"" a tu centro. Sabes que es un estorbo, molestan y no pintan bien. Pero la empresa paga 3.000€ por la actividad.";"Acepto. Es un ""teatro"", pero 3.000€ nos vienen muy bien. Les damos brochas, hacemos fotos y que se vayan contentos. Turismo solidario rentable.";achievement 4 | ambiguity_tolerance 3 | emotional_stability -1;"Les digo que no. ""Aquí se viene a trabajar, no a molestar"". Ofrezco charlas o mentoría real, no pintar paredes mal. Dignidad profesional.";ambiguity_tolerance 1;Les cobro 6.000€ (el doble) por las molestias y el catering. Si quieren su foto de RSC para LinkedIn, que la paguen cara.;self_efficacy 2 | achievement 3 | ambiguity_tolerance -1;Les pongo a hacer un trabajo realmente duro y sucio (limpiar baños) para ver si de verdad quieren ayudar o solo la foto. Les pongo a prueba.;autonomy 2 | innovativeness -1 | self_efficacy -2;;
SOCIAL;15;Tecnología vs Personas;Tienes presupuesto para contratar a 2 psicólogos más o para desarrollar una App que dé soporte automático a 1.000 personas con IA. Calidad humana o alcance tecnológico.;Hago la App. El impacto es numérico. Ayudar un poco a 1.000 es mejor que ayudar mucho a 50. Eficiencia utilitarista y escalabilidad.;achievement 4 | emotional_stability -1 | self_efficacy -2;Contrato psicólogos. El dolor humano se cura con personas, no con pantallas. Defiendo la intervención artesanal y profunda.;emotional_stability 3 | risk_propensity -1 | autonomy 1;Busco una App gratuita ya existente y la uso, y contrato a un psicólogo a media jornada. Intento no elegir y hacer un híbrido low-cost.;innovativeness 3 | emotional_stability 2 | self_efficacy 1 | achievement -1;"Gasto el dinero en formar a voluntarios para que hagan de ""psicólogos ligeros"" y escalar el factor humano barato. Comunidad.";risk_propensity 2 | innovativeness 2 | self_efficacy 1 | emotional_stability -1 | achievement -1 | locus_control -2;;
SOCIAL;16;Quemarse por la Causa;Trabajas 60h semanales, cobras poco y te llevas el drama de los usuarios a casa. Estás al límite del burnout. Sientes que si paras, gente sufre.;"Paro. Me pongo horario de oficina estricto. ""Para cuidar, tengo que cuidarme"". Acepto que no puedo salvar a todo el mundo. Autoconservación.";emotional_stability 3 | autonomy 3 | locus_control 2 | risk_propensity -1;Sigo. Es una emergencia social y mi comodidad es secundaria. Ya descansaré cuando me muera. Mártir de la causa hasta el final.;locus_control 3 | emotional_stability -1;Pido una baja por ansiedad y dejo el proyecto descabezado un mes. El cuerpo me ha parado porque yo no he sabido parar.;locus_control 2 | emotional_stability -1;Busco un co-director para compartir la carga emocional y operativa. Reconozco que no puedo hacerlo solo y pido ayuda.;self_efficacy 2 | autonomy 3 | ambiguity_tolerance -1;;
SOCIAL;17;Cobrar a los Beneficiarios;Tu servicio es gratis, pero la gente no lo valora y falta a las citas sin avisar. Te planteas cobrar una cantidad simbólica (1€/mes) para que se comprometan.;"Cobro algo. ""Lo gratis no se valora"". Dignifica al usuario pagar y le hace cliente exigente, no receptor pasivo de caridad.";achievement 4 | risk_propensity 2 | self_efficacy 1 | emotional_stability -1 | locus_control -2;Sigue gratis. Son gente vulnerable, no pueden pagar ni 1€. No voy a poner barreras de entrada a quien lo necesita. Principios de acceso universal.;ambiguity_tolerance 1;Pido una fianza que se devuelve si asisten a las sesiones. Incentivo económico conductual sin coste final para el usuario.;emotional_stability 2 | risk_propensity -1 | autonomy 1;"Les pido ""pago en especie"" (limpiar, ayudar a otros) a cambio del servicio. Economía colaborativa y dignidad del intercambio.";innovativeness 2 | self_efficacy 1 | achievement -1;;
SOCIAL;18;Lobby Político;Te das cuenta de que tu ONG solo pone tiritas a un problema que crea el Gobierno con malas leyes. ¿Te dedicas a la atención directa o al activismo político?;Paso al activismo. Hay que cambiar las leyes para acabar con el problema de raíz. Cierro el comedor y abro un lobby de presión. Cambio sistémico.;risk_propensity 2 | self_efficacy 1 | emotional_stability -1 | locus_control -2;Sigo con la atención directa. La gente tiene hambre hoy. Las leyes tardan 10 años en cambiar. Soy pragmático y urgente.;locus_control 2 | achievement 3 | emotional_stability -1;Hago las dos cosas. Atención por la mañana, manifestación por la tarde. Me agoto pero intento cubrir todo el espectro.;achievement 4 | emotional_stability -1;Me alío con un partido político afín para que lleven mi agenda. Vendo mi independencia por influencia directa.;self_efficacy 1 | ambiguity_tolerance -1;;
SOCIAL;19;El Caso de Éxito Falso (Poverty Porn);"Un beneficiario ha mejorado un poco, pero no es un ""éxito de película"". Necesitas una historia bonita y llorona para la newsletter de Navidad para recaudar.";"Exagero su historia. Dramatizo el ""antes"" y embellezco el ""después"". Necesito emocionar para que suelten dinero. El fin justifica el storytelling.";ambiguity_tolerance 1;"Cuento la verdad con sus matices y grises. ""Es un proceso lento y hay recaídas"". Trato al donante como adulto. Honestidad radical.";emotional_stability 3 | locus_control 2 | risk_propensity -1;No cuento historias personales. Uso datos agregados y estadísticas para no mercadear con la intimidad de nadie. Ética de la imagen.;emotional_stability 3 | risk_propensity -1;Busco otro caso que sea perfecto, aunque sea una excepción estadística (Cherry picking). Cuento una verdad que no representa el todo.;ambiguity_tolerance 1 | achievement -1;;
SOCIAL;20;Cierre o Zombi;"Se acaba la financiación. No hay dinero para seguir. ¿Cierras la ONG dignamente o la mantienes viva ""zombi"" sin actividad a ver si cae algo?";Cierro. Hago un informe final, despido bien, pago deudas y apago la luz. Misión cumplida o intento fallido. Dignidad en el final.;locus_control 3 | emotional_stability -1;La mantengo zombi. Dejo la web abierta y la cuenta bancaria activa por si suena la flauta. Me resisto a aceptar la muerte del proyecto.;ambiguity_tolerance 3 | achievement -1;Me fusiono in extremis con otra ONG para salvar los muebles y los puestos de trabajo, aunque pierda mi nombre y mi marca.;innovativeness 3 | emotional_stability 2 | self_efficacy 1 | achievement -1;"Monto un crowdfunding desesperado de última hora apelando a la pena y la urgencia. ""O donas o cerramos mañana"".";risk_propensity 1 | emotional_stability -1;;
SOCIAL;21;El Ego del Fundador Social;"Te han dado premios y sales en la prensa. Empiezas a creerte el ""Mesías"". Tu equipo te dice que no escuchas y que estás endiosado.";Hago un retiro de humildad. Dejo de ir a premios y vuelvo a pisar la calle con los usuarios. Me reconecto con la realidad.;emotional_stability 3 | locus_control 3 | risk_propensity -1;Sigo con mi gira de premios. Mi fama trae dinero a la ONG. Soy el mejor embajador posible. Si tengo ego, es porque lo valgo.;ambiguity_tolerance 1;Contrato a un Director General para que lleve la gestión y yo me quedo de Presidente honorífico y cara visible. Formalizo mi rol.;self_efficacy 2 | ambiguity_tolerance -1;Me enfado con el equipo y les digo que son unos envidiosos. Me aíslo en mi torre de marfil.;self_efficacy -2;;
SOCIAL;22;Invertir en Ladrillo;Te ofrecen comprar el local donde estáis a buen precio. Descapitalizaría la ONG pero os daría patrimonio. Algunos dicen que el dinero debe ir a proyectos, no a ladrillos.;Compro el local. Es seguridad a largo plazo. Dejamos de pagar alquiler y tenemos un activo. Visión patrimonial de la sostenibilidad.;innovativeness 3 | self_efficacy 1 | achievement -1;Sigo de alquiler. El dinero de los donantes es para actuar hoy, no para especular con inmuebles. Liquidez para la misión.;achievement 4 | risk_propensity 1 | emotional_stability -1;"Lanzo una campaña específica de ""Apadrina un ladrillo"" para comprarlo sin tocar la caja operativa. Crowdfunding de inversión.";innovativeness 3 | self_efficacy 1 | achievement -1;Busco un local cedido por el Ayuntamiento para no pagar ni compra ni alquiler. Gestión política de recursos.;ambiguity_tolerance 1 | achievement -1;;
SOCIAL;23;La Trampa de la Subvención;Te dan una subvención enorme para un proyecto que NO es exactamente lo que hacéis, pero se parece. Si lo coges, tienes que desviar tu misión.;Lo cojo y adapto mi misión. El dinero manda. Nos convertimos en lo que la subvención quiera que seamos. Flexibilidad mercenaria.;innovativeness 3 | self_efficacy 1 | achievement -1;"La rechazo. ""Misión antes que dinero"". No voy a convertirme en una consultora de proyectos a medida del político de turno. Foco.";emotional_stability 3 | achievement 4 | autonomy 2 | risk_propensity -1;"Lo cojo y lo hago ""a mi manera"", justificándolo como pueda en los papeles. Intento engañar al sistema para hacer lo que quiero.";risk_propensity 2 | self_efficacy 1 | autonomy 1 | emotional_stability -1 | locus_control -2;Intento negociar las bases de la subvención con el técnico para que encaje con mi misión real. Influencia.;self_efficacy 2 | ambiguity_tolerance -1;;
SOCIAL;24;Digitalización de la Pobreza;Quieres dar tablets y conexión a tus usuarios. Algunos dicen que es un lujo, que necesitan comida. Tú crees que sin internet están excluidos.;Les doy tablets y wifi. La brecha digital es la nueva pobreza. Comer es vital, pero conectarse es integrarse. Apuesto por el futuro.;innovativeness 3 | self_efficacy 1 | achievement -1;Les doy comida. Lo primero es la supervivencia física. Las tablets pueden esperar o venderlas para droga. Pragmatismo asistencial.;locus_control 2 | achievement 2 | emotional_stability -1;Monto un aula de informática común en el centro. Acceso compartido y vigilado. Eficiencia de recursos.;achievement 4 | emotional_stability -1;Busco una empresa tecnológica que done los equipos viejos para no gastar dinero de comida en tecnología.;innovativeness 3 | self_efficacy 1 | achievement -1;;
SOCIAL;25;El Fraude del Voluntario;Descubres que un voluntario está usando su posición para vender cosas a los beneficiarios o aprovecharse de ellos. Es amigo tuyo.;Le expulso inmediatamente y le denuncio si es delito. Tolerancia cero con el abuso de poder, sea quien sea. Protección del usuario.;emotional_stability 3 | risk_propensity 2 | self_efficacy 1 | achievement -1 | locus_control -2;"Hablo con él y le pido que se vaya discretamente ""por motivos personales"". Evito el escándalo y protejo mi amistad.";emotional_stability 2 | risk_propensity 1 | achievement -1;Le cambio de puesto a uno donde no tenga contacto con usuarios. Le escondo en la oficina. Solución cobarde.;risk_propensity 2 | self_efficacy 1 | locus_control -2;Hago una formación sobre ética para todos los voluntarios, esperando que se dé por aludido. Indirecta inútil.;ambiguity_tolerance 2 | achievement -1;;
SOCIAL;26;Colaborar con Banca;Un banco te ofrece patrocinar tu carrera solidaria. Muchos de tus socios odian a los bancos (desahucios, armas). Es mucho dinero y visibilidad.;Acepto. El dinero del banco sirve para hacer el bien. Soy pragmático, no ideológico. Necesito recursos para ayudar.;achievement 4 | locus_control 2 | emotional_stability -1 | self_efficacy -2;Rechazo. Mis socios me matarían. No puedo blanquear a la banca. Coherencia ideológica ante todo.;emotional_stability 3 | risk_propensity -1 | autonomy 1;Acepto pero dono una parte a una caja de resistencia antidesahucios para compensar el karma. Malabarismo ético.;emotional_stability 3 | risk_propensity 1 | achievement -1;Les pido que el patrocinio sea anónimo (sin logo). Seguramente digan que no, pero lo intento.;self_efficacy 2 | emotional_stability 1 | ambiguity_tolerance -1;;
SOCIAL;27;Cansancio de la Pobreza;Llevas 10 años viendo miseria. Ya no te conmueve. Te has vuelto cínico y frío. Sientes que nada cambia hagas lo que hagas.;Me tomo un año sabático. Necesito desintoxicarme y volver a creer en el ser humano. Recargar pilas o dejarlo.;emotional_stability 3 | risk_propensity -1 | autonomy 1;Sigo trabajando por inercia. Soy un burócrata de la ayuda. Hago mi trabajo sin pasión. Profesionalidad gris.;ambiguity_tolerance 3 | autonomy 2 | achievement -1 | self_efficacy -2;Me paso a la gestión pura (despachos) para no ver la calle. Me protejo en la oficina y los excels.;self_efficacy 1 | ambiguity_tolerance -1;Escribo un libro o blog sobre mi experiencia para sacar el cinismo y quizás ayudar a otros. Terapia creativa.;innovativeness 3 | self_efficacy 1 | achievement -1;;
SOCIAL;28;Consultoría Social;Te das cuenta de que sabes mucho. Empresas te piden asesoramiento. ¿Creas una línea de consultoría cobrando caro para financiar la ONG?;Sí. Vendo servicios a empresas (B2B) para financiar la ayuda a personas (B2C). Modelo híbrido tipo Robin Hood.;ambiguity_tolerance 1 | self_efficacy -2;No. Me distrae de mi misión. Si me pongo a asesorar a ricos, dejaré de atender a pobres. Foco en la misión.;achievement 4 | emotional_stability -1;Lo hago yo como freelance fuera de la ONG y dono el dinero. Separo las entidades legalmente.;autonomy 3 | innovativeness -1;Lo hago gratis porque creo que las empresas deben cambiar. Activismo pedagógico.;self_efficacy 1 | ambiguity_tolerance -1;;
SOCIAL;29;El Heredero;Un millonario muere y os deja una herencia enorme, pero su familia la impugna y os lleva a juicio. Va a ser una batalla legal fea y larga.;Lucho en los tribunales. Ese dinero es nuestro y con él haremos mucho bien. No me dejo amedrentar por herederos ricos.;emotional_stability 3 | achievement 4 | risk_propensity -1;Renuncio. No quiero juicios ni mala prensa. No tenemos dinero para abogados. Que se lo queden. Paz mental.;ambiguity_tolerance 1;Negocio un acuerdo extrajudicial: 50/50. Más vale un mal acuerdo que un buen juicio. Pragmatismo rápido.;self_efficacy 2 | achievement 3 | risk_propensity 1 | ambiguity_tolerance -1;Hago una campaña mediática denunciando a la familia por querer quitar dinero a los pobres. Presión social.;risk_propensity 2 | self_efficacy 1 | emotional_stability -1 | locus_control -2;;
SOCIAL;30;Internacionalización;"Te va bien en tu país. Te proponen abrir proyecto en África o Latinoamérica. No tienes experiencia allí, pero ""viste mucho"" ser internacional.";Me lanzo. La necesidad es global. Aprenderemos sobre la marcha. Ambición de impacto mundial.;risk_propensity 3 | achievement 4 | self_efficacy 1 | emotional_stability -1 | locus_control -2;Me quedo. Hay mucha pobreza en mi barrio. No hace falta irse lejos para ayudar. Eficiencia local.;achievement 4 | locus_control 2 | emotional_stability -1 | self_efficacy -2;Busco un socio local allí y le financio. No voy yo, apoyo al que sabe. Cooperación descentralizada.;self_efficacy 2 | emotional_stability 2 | ambiguity_tolerance -1;"Organizo ""viajes solidarios"" para que mis socios vayan a ver mundo, pero sin estructura real. Turismo.";ambiguity_tolerance 1 | achievement -1;;
SOCIAL;31;Obsolescencia Programada de la ONG;Tu objetivo debería ser desaparecer (que el problema se solucione). Pero si el problema desaparece, tú te quedas sin trabajo. ¿Boicoteas la solución real?;Trabajo para mi extinción. Mi éxito es cerrar porque ya no hago falta. Busco soluciones raíz aunque me quede en paro. Integridad total.;emotional_stability 3 | innovativeness 2 | self_efficacy 1 | risk_propensity -1 | achievement -1;Perpetúo el problema (inconscientemente). Me centro en la asistencia crónica y no en la solución, para mantener la estructura. Supervivencia institucional.;ambiguity_tolerance 1;Pivoto la misión. Si se arregla el hambre, me dedico a la soledad. La ONG es una herramienta, cambiamos el objetivo.;innovativeness 3 | ambiguity_tolerance 2 | self_efficacy 1 | achievement -1;Me convierto en un lobby para que el Estado asuma mi trabajo. Transfiero la responsabilidad a lo público.;locus_control 2 | emotional_stability -1;;
SOCIAL;32;Inversión de Impacto;Un fondo de inversión de impacto quiere entrar en tu capital. Te dan dinero pero exigen retorno financiero (poco, pero retorno). Dejas de ser ONG pura.;Acepto. Me transformo en Empresa Social. El lucro no es malo si ayuda a crecer. Modelo híbrido sostenible.;achievement 4 | emotional_stability -1 | self_efficacy -2;Rechazo. El lucro y lo social son agua y aceite. Si hay inversores, la misión se pervertirá. Mantengo la estructura sin ánimo de lucro.;ambiguity_tolerance 1;Creo una SL filial para la parte rentable que sea propiedad de la ONG. Estructura compleja para separar mundos.;innovativeness 2 | self_efficacy 1 | emotional_stability 1 | achievement -1;Les pido un préstamo blando en vez de capital. Deuda sí, propiedad no.;self_efficacy 2 | ambiguity_tolerance -1;;
SOCIAL;33;El Escándalo Sexual;Un directivo de Oxfam/similar tuvo un escándalo. Ahora miran con lupa a todas las ONGs. Descubres un comportamiento inapropiado (leve) en tu equipo.;"Corto por lo sano. Despido fulminante y transparencia. ""Tolerancia cero"". Me adelanto al escándalo. Ejemplaridad.";emotional_stability 3 | autonomy 3 | risk_propensity 2 | self_efficacy 1 | achievement -1 | locus_control -2;"Lo tapo y lo gestiono internamente para no dañar la reputación de la entidad. ""La ropa sucia se lava en casa"". Riesgo de bomba.";risk_propensity 2 | self_efficacy 1 | emotional_stability -1 | locus_control -2;Hago una investigación externa independiente (auditoría ética) para que decidan ellos. Me lavo las manos con un proceso formal.;autonomy 3 | innovativeness -1 | emotional_stability 2;Le doy una charla y le vigilo. Creo que se ha exagerado por la psicosis del momento. Minimizo el problema.;risk_propensity 2 | self_efficacy 1 | ambiguity_tolerance 1 | emotional_stability -1 | locus_control -2;;
SOCIAL;34;Publicidad Emocional;Una agencia te regala una campaña de publicidad. Es muy agresiva y da pena (niño llorando). Sabes que recaudará mucho, pero no te gusta la imagen.;La lanzo. Necesito el dinero. El fin justifica la lágrima. Es publicidad, no un documental. Eficacia recaudatoria.;achievement 4 | emotional_stability -1;La rechazo. Quiero comunicar desde la dignidad y la esperanza, no desde la pena. Prefiero recaudar menos pero educar mejor.;emotional_stability 3 | risk_propensity -1;Les pido que la suavicen. Busco un punto medio que no ofenda pero que tampoco sea invisible. Negociación creativa.;emotional_stability 3 | risk_propensity -1;La uso solo en públicos fríos (Facebook Ads) y no en mis socios fieles. Segmento el mensaje según el canal.;autonomy 3 | innovativeness -1;;
SOCIAL;35;Corrupción en Aduanas;Envías un contenedor de ayuda humanitaria a un país en guerra. En la aduana te piden 500$ de soborno para dejarlo pasar. Si no pagas, se pudre la comida.;Pago el soborno. La gente tiene hambre. Mis principios no se comen. Pago y no lo pongo en la contabilidad oficial. Realpolitik.;achievement 4 | risk_propensity 3 | emotional_stability 2 | self_efficacy 1 | innovativeness -1 | locus_control -2;No pago. Si pago, alimento la corrupción que causa la pobreza. Denuncio y pierdo el contenedor. Principios dolorosos.;emotional_stability 2 | risk_propensity -1 | autonomy 1;Llamo a la embajada y monto un lío diplomático para que lo suelten. Presión política de alto nivel.;self_efficacy 2 | ambiguity_tolerance -1;"Busco un contacto local (un ""conseguidor"") que lo arregle ""a su manera"" sin que yo sepa los detalles. Externalizo el pecado.";ambiguity_tolerance 1 | achievement -1;;
SOCIAL;36;Sucesión Traumática;Te quieres ir, pero la Junta Directiva quiere poner a alguien que no te gusta. Tienes miedo de que destrocen tu legado.;Me voy y les dejo hacer. Nadie es imprescindible y el apego del fundador es tóxico. Confío en que la institución sobreviva.;autonomy 3 | ambiguity_tolerance 3 | emotional_stability 2 | innovativeness -1;Me quedo para bloquear el nombramiento. Me atrinchero en el cargo hasta encontrar a alguien de mi cuerda. Síndrome del fundador.;ambiguity_tolerance 1;Designo a mi sucesor a dedo y fuerzo su aceptación. Impongo mi voluntad como última decisión. Autoridad moral.;risk_propensity 1 | emotional_stability -1;Cambio los estatutos para blindar la misión antes de irme, atando las manos de los que vengan. Legado jurídico.;innovativeness 2 | self_efficacy 1 | achievement -1;;
SOCIAL;37;Merchandising Ecológico;Vendes camisetas para recaudar. El algodón orgánico es carísimo y deja poco margen. El algodón normal contamina pero deja mucho dinero.;Algodón orgánico. Coherencia. No puedo salvar personas y matar el planeta. Gano menos pero duermo bien.;emotional_stability 3 | risk_propensity -1;Algodón normal. Mi misión son las personas, no el medio ambiente. Necesito maximizar el beneficio para mis proyectos. Prioridades.;achievement 4 | emotional_stability -1;No vendo camisetas. Es un modelo caduco y contaminante de todas formas. Busco otra vía de ingresos inmaterial.;innovativeness 2 | self_efficacy 1 | risk_propensity 1 | achievement -1;"Vendo algodón normal pero pongo una etiqueta de ""Concienciación"". Greenwashing light para recaudar.";achievement 2 | emotional_stability -1;;
SOCIAL;38;El Beneficiario Ingrato;Ayudas a una familia a salir de la calle, les das casa y trabajo. A los dos meses, dejan el trabajo, destrozan la casa y te insultan. Te sientes traicionado.;Respiro y acepto. La ayuda no es un contrato de compraventa. No me deben nada. Sigo ayudando al siguiente. Resiliencia emocional extrema.;ambiguity_tolerance 3 | emotional_stability 2 | achievement -1 | self_efficacy -2;"Me enfado y les cierro la puerta para siempre. ""No se hizo la miel para la boca del asno"". Me vuelvo más duro y selectivo.";ambiguity_tolerance 1;Analizo qué ha fallado en nuestro acompañamiento. Asumo parte de culpa. Quizás no estaban preparados. Autocrítica.;innovativeness 3 | emotional_stability 2 | locus_control 2 | self_efficacy 1 | achievement -1;Les exijo que devuelvan el dinero de los destrozos o les denuncio. Justicia restaurativa.;emotional_stability 2 | locus_control 2 | risk_propensity -1 | autonomy 1;;
SOCIAL;39;Trabajo en Red;Te invitan a una plataforma de ONGs para coordinaros. Sabes que son reuniones eternas donde se habla mucho y se hace poco.;Me uno. La coordinación es vital para no duplicar. Hay que estar, aunque sea aburrido. Visión sistémica.;self_efficacy 2 | ambiguity_tolerance 3 | achievement -1;"No voy. Tengo demasiado trabajo real. ""Menos reuniones y más acción"". Soy un lobo solitario eficiente.";risk_propensity 3 | autonomy 3 | achievement 3 | self_efficacy 1 | emotional_stability -1 | locus_control -2;Voy a la primera, veo el percal y no vuelvo. Pruebo pero no me caso con nadie.;autonomy 1 | innovativeness -1 | emotional_stability 2;Mando a un becario para que tome notas y haga acto de presencia. Cumplo sin gastar mi tiempo.;self_efficacy 2 | ambiguity_tolerance -1;;
SOCIAL;40;El Final del Camino;Miras atrás. Has dedicado tu vida a esto. No tienes dinero, pero tienes historias. ¿Valió la pena?;"Sí. ""Quien salva una vida salva el mundo"". Lo volvería a hacer. Satisfacción vital profunda y sentido trascendente.";ambiguity_tolerance 1;No. He sacrificado mi vida y el mundo sigue igual de mal. Siento amargura y cansancio. Burnout existencial.;ambiguity_tolerance 1;A medias. He hecho lo que he podido. Ni héroe ni mártir. Realismo sereno.;emotional_stability 3 | ambiguity_tolerance 2 | locus_control 2 | risk_propensity -1;No lo sé, pero no sabía vivir de otra manera. Era mi naturaleza. Destino inevitable.;autonomy 3 | ambiguity_tolerance 2 | innovativeness -1;;
INTRA;1;La Idea Radical;Tienes una idea que podría ahorrar 1M€ a la empresa, pero implica cerrar el departamento de tu jefe actual. Si la presentas al CEO, te juegas el puesto y la relación con tu jefe directo.;Presento la idea al CEO saltándome a mi jefe. Mi lealtad es con la empresa y con la eficiencia, no con la jerarquía. Asumo el riesgo político por el bien mayor.;locus_control 3 | achievement 3 | emotional_stability -1;"Me callo. ""El que se mueve no sale en la foto"". No quiero líos ni hacerme enemigos poderosos. Mi sueldo llega igual a final de mes haciendo lo de siempre.";ambiguity_tolerance 1;Intento convencer a mi jefe para que presente la idea él como suya. Cedo el mérito a cambio de que la idea prospere sin mancharme las manos de sangre.;innovativeness 3 | emotional_stability 2 | self_efficacy 1 | achievement -1;"Lanzo un ""globo sonda"" anónimo o rumores en la cafetería para que la idea llegue arriba sin que se sepa que fui yo. Estrategia de guerrilla.";ambiguity_tolerance 1 | achievement -1;;
INTRA;2;Presupuesto Recortado;Te han aprobado tu proyecto de innovación interna, pero te han dado el 20% del presupuesto que pediste. Es matemáticamente imposible hacerlo bien con ese dinero. Si fallas, será tu culpa.;Lo hago igual. Busco recursos debajo de las piedras, pido favores y uso herramientas gratuitas. Demuestro que soy capaz de hacer magia con miserias.;innovativeness 3 | ambiguity_tolerance 3 | self_efficacy 1 | achievement -1;"Rechazo el proyecto. ""O se hace bien o no se hace"". No voy a quemarme para entregar una chapuza y que luego me culpen. Dignidad profesional.";self_efficacy 2 | autonomy 2 | ambiguity_tolerance -1;Acepto pero reduzco el alcance (Scope) drásticamente. Hago un piloto pequeño perfecto en vez del proyecto grande mediocre. Negocio a la baja.;locus_control 3 | innovativeness 2 | self_efficacy 1 | achievement -1 | emotional_stability -1;Acepto y me quejo en cada reunión de que no tengo recursos para justificar por adelantado por qué va a salir mal. Me pongo la venda antes de la herida.;emotional_stability 2 | achievement -1;;
INTRA;3;El Compañero Trepa;Tienes un compañero que te roba las ideas en las reuniones y se lleva el mérito delante de los jefes. Hoy lo ha vuelto a hacer con tu propuesta estrella.;"Le confronto en la reunión delante de todos: ""Gracias por repetir mi idea, Juan"". Marco territorio públicamente y le dejo en evidencia.";self_efficacy 2 | risk_propensity 3 | emotional_stability 2 | ambiguity_tolerance -1 | locus_control -2;"Hablo con él en privado y le amenazo sutilmente. ""La próxima vez que lo hagas, vamos a tener un problema serio"". Gestión de conflicto directa.";emotional_stability 3 | self_efficacy 1 | risk_propensity -1 | autonomy 1;Empiezo a dejar de compartir información con él y a enviar mis ideas por email con copia al jefe antes de las reuniones. Dejo rastro documental.;innovativeness 3 | self_efficacy 1 | achievement -1;Me resigno. El mundo corporativo es así de injusto. Sigo trabajando esperando que el jefe se de cuenta solo de quién vale de verdad.;ambiguity_tolerance 3 | autonomy 3 | achievement -1;;
INTRA;4;Burocracia Asfixiante;"Quieres lanzar una nueva web para un producto. El departamento de IT dice que tardará 6 meses por ""protocolos de seguridad"". Tú sabes que puedes hacerlo en 2 días con un WordPress externo.";Lo hago por mi cuenta (Shadow IT) con mi tarjeta de crédito y pido perdón después. La velocidad es prioritaria. Hackeo el sistema corporativo.;autonomy 3 | innovativeness 3 | risk_propensity 3 | self_efficacy 1 | achievement -1 | locus_control -2;Espero los 6 meses. Las normas están por algo y no quiero problemas de seguridad ni auditoría. Soy un buen soldado que respeta los tiempos.;ambiguity_tolerance 3 | achievement 3 | risk_propensity -1 | emotional_stability 2;Presiono políticamente. Busco un padrino directivo que obligue a IT a priorizar mi proyecto. Uso la política para acelerar la burocracia.;self_efficacy 2 | ambiguity_tolerance -1;Busco una solución intermedia oficial, negociando con IT una versión simplificada que puedan aprobar rápido. Pacto de mínimos.;self_efficacy 2 | innovativeness 2 | ambiguity_tolerance 1 | achievement -1;;
INTRA;5;El Proyecto Zombi;"Te han asignado liderar un proyecto que sabes que no tiene futuro, pero que es el ""bebé"" del Director General. Nadie se atreve a decirle que es un fracaso y se sigue tirando dinero.";"Le digo la verdad al Director General con datos. ""Estamos tirando el dinero"". Arriesgo mi cabeza por el bien de la compañía y mi integridad.";emotional_stability 3 | risk_propensity 3 | self_efficacy 1 | achievement -1 | locus_control -2;Sigo con el proyecto fingiendo entusiasmo. Cobro mi sueldo y ejecuto lo que me piden, aunque sea absurdo. Obediencia debida y supervivencia.;ambiguity_tolerance 1;Intento pivotar el proyecto disimuladamente hacia algo que sí tenga sentido, cambiándole el nombre poco a poco. Rescate silencioso.;innovativeness 3 | self_efficacy 1 | achievement -1;"Pido el traslado a otro departamento para huir del desastre antes de que explote. ""Sálvese quien pueda"". Evasión de responsabilidades.";locus_control 3 | emotional_stability -1;;
INTRA;6;Promoción o Vida;Te ofrecen un ascenso a Director. Doble de sueldo, pero sabes que implica viajes constantes, política sucia y no ver a tu familia. Es el tren que pasa una vez en la vida.;Acepto. Es la oportunidad de mi vida. Asumo el coste personal temporalmente para llegar a la cima. Ambición pura y sacrificio.;locus_control 3 | emotional_stability -1;"Rechazo. Valoro más mi tiempo y mi felicidad que el cargo. ""No quiero ser el más rico del cementerio"". Priorizo vida sobre trabajo.";emotional_stability 3 | autonomy 3 | risk_propensity -1;Acepto pero intento poner mis condiciones (teletrabajo, límites). Intento cambiar la cultura del puesto desde dentro, aunque sea difícil.;ambiguity_tolerance 3 | self_efficacy 2 | risk_propensity 1 | achievement -1;Pido tiempo para pensarlo y al final digo que no por miedo a no dar la talla. El síndrome del impostor me frena.;ambiguity_tolerance 1 | achievement -1;;
INTRA;7;Innovación Abierta;Propones colaborar con una startup externa para agilizar un proceso. El departamento legal te pone mil trabas y exige contratos de 50 páginas que asustarán a la startup y matarán la agilidad.;Peleo con Legal. Me reúno con ellos y les hago entender que deben ser flexibles. Gasto mi capital político en defender a la startup contra el sistema.;achievement 4 | self_efficacy 2 | emotional_stability -1;"Me rindo. ""Aquí no se puede innovar"". Dejo morir la colaboración y sigo con los proveedores de siempre. La burocracia gana por agotamiento.";ambiguity_tolerance 1;Le digo a la startup que firme lo que sea, guiñándoles el ojo, prometiéndoles que luego en la práctica seremos flexibles. Engaño al sistema legal.;achievement 3 | risk_propensity 2 | self_efficacy 1 | ambiguity_tolerance 1 | emotional_stability -1 | locus_control -2;Busco un resquicio legal o un contrato menor (prueba de concepto) para colar la colaboración por debajo del radar de compras.;innovativeness 3 | self_efficacy 1 | achievement -1;;
INTRA;8;El Equipo Desmotivado;"Te dan un equipo nuevo de gente veterana y quemada. ""Funcionarios"" de la empresa privada que hacen lo mínimo y se van a su hora. Tienes que reactivarlos para cumplir objetivos.";Les doy caña. Marco objetivos exigentes y monitorizo el rendimiento. El que no corra, tendrá problemas. Liderazgo coercitivo y exigente.;achievement 3 | emotional_stability -1;Les escucho. Hago reuniones uno a uno para entender sus frustraciones y buscar qué les motiva individualmente. Liderazgo empático y humano.;autonomy 3 | ambiguity_tolerance 2 | innovativeness -1;"Intento ""contagiarles"" con mi energía y ejemplo. Trabajo más que nadie esperando que me sigan por vergüenza torera.";locus_control 3 | ambiguity_tolerance 1 | emotional_stability -1;Pido a RRHH que me deje renovar el equipo. Con estos bueyes no se puede arar. Busco sangre nueva y me deshago del lastre.;innovativeness 2 | self_efficacy 1 | achievement -1 | emotional_stability -1;;
INTRA;9;Robar Talento Interno;Necesitas a un analista brillante que está en otro departamento. Su jefe actual es un tapón mediocre y no le deja crecer. ¿Intentas ficharlo para tu equipo a espaldas de su jefe?;Sí. Le invito a comer y le convenzo de que pida el traslado. La empresa gana si el talento está donde mejor rinde. Guerra de guerrillas interna.;risk_propensity 2 | self_efficacy 1 | emotional_stability -1 | locus_control -2;Hablo con su jefe primero. Le pido permiso formalmente. Respeto la jerarquía y los códigos no escritos, aunque me diga que no. Protocolo.;emotional_stability 3 | risk_propensity -1;Le digo a RRHH que tengo una vacante y sugiero su nombre, dejando que ellos gestionen el conflicto. Tiro la piedra y escondo la mano.;innovativeness 3 | self_efficacy 1 | achievement -1;No hago nada. No quiero conflictos con otros jefes. Busco a alguien fuera de la empresa para evitar líos políticos.;ambiguity_tolerance 1 | achievement -1;;
INTRA;10;Resultados a Corto vs Largo;Tus objetivos anuales (bonus) dependen de vender mucho este trimestre. Pero sabes que una estrategia agresiva quemará la marca a largo plazo. Tu jefe quiere los números ya.;Cumplo los objetivos. Vendo agresivamente. Mi trabajo es cumplir lo que me piden hoy. El largo plazo ya se verá. Soy un ejecutivo orientado a resultados.;achievement 3 | emotional_stability -1;Me niego a quemar la marca. Propongo una estrategia sostenible aunque no llegue al bonus este año. Priorizo la salud de la empresa a mi bolsillo.;emotional_stability 3 | innovativeness 3 | autonomy 2 | self_efficacy 1 | risk_propensity -1 | achievement -1;Intento maquillar los números o adelantar ventas del año que viene para cumplir sin ser tan agresivo. Ingeniería financiera creativa.;innovativeness 2 | risk_propensity 2 | self_efficacy 1 | achievement -1 | locus_control -2;Hago lo mínimo para que no me despidan pero sin ser agresivo, renunciando al bonus máximo. Perfil bajo y supervivencia.;emotional_stability 2 | risk_propensity -1 | autonomy 1;;
INTRA;11;El Rumor de ERE;Hay rumores fuertes de un ERE (Despido Colectivo). Tu equipo está nervioso y te pregunta. Tú no sabes nada oficial, pero intuyes que es verdad. Si dices lo que piensas, puedes crear pánico.;"Les digo lo que pienso: ""Chicos, pinta mal, actualizad el CV"". Soy transparente y leal a las personas antes que a la empresa. Asumo el riesgo.";risk_propensity 3 | self_efficacy 1 | locus_control -2 | emotional_stability -1;"Niego los rumores. ""La empresa va bien, a trabajar"". Mi deber como mando intermedio es mantener la calma y la productividad hasta el final.";ambiguity_tolerance 1;"Digo ""No sé nada oficial"". Me lavo las manos y no doy información ni opinión. Mantengo la distancia aséptica y profesional.";ambiguity_tolerance 1 | self_efficacy -2;Aprovecho para posicionarme yo bien ante los jefes y salvar mi propio cuello, ignorando lo que le pase al equipo. Supervivencia individual.;autonomy 3 | innovativeness -1 | emotional_stability 2;;
INTRA;12;Formación o Trabajo;Tienes presupuesto para formación que caduca a fin de año. Tu equipo quiere hacer un máster caro que les quitará horas de trabajo. Tienes mucho trabajo atrasado y no te viene bien.;Les pago el máster y les doy tiempo. Un equipo mejor formado rendirá más mañana. Invierto en capital humano y motivación a largo plazo.;innovativeness 3 | ambiguity_tolerance 2 | self_efficacy 1 | achievement -1;Les digo que no. Ahora hay que sacar el trabajo. Ya habrá tiempo de estudiar cuando estemos más tranquilos (lo cual nunca ocurre).;achievement 4 | emotional_stability 2 | locus_control 2 | risk_propensity -1;Les pago el máster pero tienen que hacerlo fuera de horas de trabajo. Compromiso mutuo. La empresa pone dinero, ellos ponen tiempo.;self_efficacy 2 | emotional_stability 3 | ambiguity_tolerance -1;Me gasto el presupuesto en un Team Building divertido (Karts, Cena) para mejorar el clima en vez de formación técnica. Gasto el dinero rápido.;emotional_stability 3 | risk_propensity -1 | autonomy 1;;
INTRA;13;El Error Oculto;Descubres un error en un proyecto que entregaste hace un mes. Nadie se ha dado cuenta y puede que nunca lo hagan. Si lo dices, tendrás que rehacerlo todo y quedarás mal ante el cliente interno.;Lo confieso y lo arreglo. La excelencia es hacerlo bien cuando nadie mira. Prefiero ponerme colorado una vez que vivir con miedo a que salte.;emotional_stability 3 | risk_propensity 2 | self_efficacy 1 | locus_control -2 | achievement -1;Me callo. Si salta, diré que no lo vi. Si no salta, me he librado. No voy a buscarme problemas gratis ni a trabajar doble.;risk_propensity 2 | self_efficacy 1 | emotional_stability -1 | locus_control -2;"Lo arreglo silenciosamente en la próxima actualización si puedo, sin decir nada a nadie. ""Ojos que no ven..."". Solución técnica discreta.";innovativeness 3 | self_efficacy 1 | achievement -1;Culpo al proveedor externo o al software si se descubre. Tengo la excusa preparada para desviar la responsabilidad.;locus_control 3 | emotional_stability -1;;
INTRA;14;Teletrabajo Clandestino;La política de la empresa es vuelta a la oficina 100%. Tu equipo rinde más en casa y está más feliz. Tienes potestad para hacer la vista gorda si no se enteran arriba.;"Les dejo teletrabajar en secreto. ""Lo que no se sabe no se prohíbe"". Priorizo resultados y felicidad sobre normas absurdas. Soy su cómplice.";autonomy 3 | ambiguity_tolerance 3 | achievement 3 | risk_propensity 2 | self_efficacy 1 | innovativeness -1 | locus_control -2;"Les obligo a venir. ""Las normas son las normas"". No voy a jugarme mi puesto por ser el guay. Si no les gusta, que se quejen a RRHH.";achievement 4 | emotional_stability -1;Negocio con RRHH una excepción oficial para mi departamento basándome en datos de productividad. Intento cambiar la norma legalmente.;self_efficacy 2 | ambiguity_tolerance -1;Hago un sistema de turnos rotatorios para que siempre haya alguien y parezca que estamos todos. Camuflo la realidad con astucia.;innovativeness 3 | emotional_stability 2 | self_efficacy 1 | achievement -1;;
INTRA;15;"El """"Yes Man""""";En las reuniones con el Director, todos le dicen que sí a todo, aunque proponga tonterías evidentes. Tú ves claro que se va a estrellar con su nueva idea.;"Levanto la mano y disiento. ""Con todo el respeto, eso no va a funcionar por X e Y"". Soy el Pepito Grillo necesario, aunque moleste al poder.";risk_propensity 3 | self_efficacy 1 | emotional_stability -1 | locus_control -2;Me callo y asiento. Si quiere estrellarse, que se estrelle. Yo soy un mandado y quiero conservar mi silla. No es mi guerra.;ambiguity_tolerance 1;Le digo que sí en público, pero luego en privado intento hacerle ver los riesgos suavemente. Mano izquierda y lealtad discreta.;self_efficacy 2 | ambiguity_tolerance 2 | innovativeness 2 | achievement -1;Apoyo la idea con entusiasmo exagerado para que, cuando falle, el golpe sea más notorio y quizás cambien al Director. Sabotaje por aceleración.;risk_propensity 2 | self_efficacy 1 | emotional_stability -1 | locus_control -2;;
INTRA;16;Crédito de la Idea;Has trabajado duro en un proyecto junto a otro departamento. A la hora de presentarlo, el director del otro departamento se atribuye todo el mérito y ni te menciona.;Le interrumpo o mando un email posterior a todos aclarando mi participación. Defiendo mi territorio y mi trabajo. No soy una ONG.;emotional_stability 3 | self_efficacy 2 | risk_propensity -1;Lo dejo pasar. La gente importante sabe quién ha hecho el trabajo de verdad. No quiero parecer un niño pequeño peleando por chuches.;self_efficacy 2 | ambiguity_tolerance 2 | achievement -1;Hablo con él en privado y le digo que me ha decepcionado. Intento que rectifique para la próxima desde la asertividad personal.;self_efficacy 2 | ambiguity_tolerance 2 | achievement -1;"Empiezo a boicotear sus próximos proyectos o a no colaborar. Venganza pasiva. ""Arrieros somos y en el camino nos encontraremos"".";ambiguity_tolerance 1 | achievement -1;;
INTRA;17;Salir de la Zona de Confort;Te ofrecen liderar un proyecto internacional en un país difícil (India, Brasil). Es un reto enorme, aprenderás mucho, pero vivirás mal un año y dejarás tu vida aquí.;Me voy. La comodidad es la muerte del crecimiento. Quiero vivir aventuras y probarme a mí mismo. Carrera internacional y experiencia vital.;ambiguity_tolerance 2 | achievement 3 | risk_propensity -1;Me quedo. Estoy bien aquí, tengo mi familia y mis rutinas. No necesito demostrar nada a nadie. Priorizo calidad de vida y estabilidad.;ambiguity_tolerance 1;Pido condiciones económicas desorbitadas (expatriación de lujo) para que, si voy, sea como un rey. Si no, nada. Pongo precio a mi dolor.;self_efficacy 2 | ambiguity_tolerance -1;Busco un término medio: viajar mucho pero mantener mi base aquí. Intento no perder ninguna de las dos cosas, aunque sea agotador.;emotional_stability 3 | self_efficacy 1 | risk_propensity -1;;
INTRA;18;Diversidad Forzada;"Te obligan a contratar a alguien cumpliendo cuotas de diversidad, descartando a un candidato ""clásico"" que te gustaba más técnicamente. Te sientes presionado por RRHH.";Cumplo la cuota y contrato al diverso con la mente abierta. Entiendo que la diversidad aporta valor más allá de lo técnico inmediato. Apuesto por el cambio.;innovativeness 3 | self_efficacy 1 | achievement -1;"Peleo por mi candidato original. ""Quiero al mejor, me da igual su género/raza"". Me resisto a las políticas de despacho que ignoran la realidad.";achievement 3 | emotional_stability -1;"Contrato al diverso pero le miro con lupa, esperando que falle para decir ""os lo dije"". Prejuicio de confirmación y toxicidad.";ambiguity_tolerance 1;Busco un puesto extra o presupuesto para poder contratar a los dos. Intento saltarme la restricción de headcount con creatividad.;innovativeness 3 | self_efficacy 1 | achievement -1;;
INTRA;19;El Proveedor Corrupto;Descubres que el proveedor de confianza de la empresa está inflando facturas y sospechas que alguien de dentro (quizás un jefe) se lleva comisión.;Investigo y denuncio a auditoría interna (Compliance). La corrupción pudre la empresa y es mi deber ético limpiarla. Soy un whistleblower valiente.;emotional_stability 3 | risk_propensity 3 | self_efficacy 1 | achievement -1 | locus_control -2;"Miro a otro lado. No es mi departamento y no quiero acabar en una cuneta profesional. ""El que busca, encuentra problemas"". Silencio cómplice.";ambiguity_tolerance 1;Cambio de proveedor en mi área silenciosamente para no tener tratos con ellos, pero no denuncio a nadie. Me protejo yo, no a la empresa.;ambiguity_tolerance 1;Le suelto una indirecta al corrupto para que sepa que lo sé y deje de hacerlo (o me tenga miedo). Juego de poder sutil.;risk_propensity 2 | self_efficacy 1 | emotional_stability -1 | locus_control -2;;
INTRA;20;Emprender o Intraemprender;Tienes una idea de negocio buenísima. ¿La desarrollas dentro de tu empresa (con sus recursos pero sin ser tuya) o te vas y la montas tú (riesgo total pero todo tuyo)?;Me voy y la monto. Quiero el 100% del riesgo y el 100% del beneficio. Soy dueño de mi destino. Adiós nómina, hola libertad.;locus_control 3 | autonomy 2 | achievement 3 | emotional_stability -1;La propongo dentro. Prefiero emprender con paracaídas y recursos ilimitados. Me conformo con un bonus y el reconocimiento corporativo.;innovativeness 2 | locus_control 2 | self_efficacy 1 | achievement -1;La desarrollo en mis ratos libres (Moonlighting) hasta que facture, y entonces me voy. Juego a dos bandas hasta estar seguro.;ambiguity_tolerance 1;No hago nada. Me da pereza el esfuerzo que requiere. Me quedo con la idea en la cabeza soñando despierto. La zona de confort me atrapa.;ambiguity_tolerance 1 | achievement -1;;
INTRA;21;El Mentor o el Rival;"Un directivo senior te ofrece ser tu mentor. Es influyente, pero tiene fama de usar a la gente para sus guerras políticas. Si aceptas, serás ""su protegido"" pero heredarás sus enemigos.";Acepto. En la empresa necesitas un padrino para subir. Aprendo de él y uso su influencia. Es el juego de tronos corporativo.;achievement 4 | risk_propensity 2 | self_efficacy 1 | emotional_stability -1 | locus_control -2;"Rechazo. Quiero ascender por mis méritos, no por ser el ""chico de"". Mantengo mi independencia aunque vaya más lento.";autonomy 3 | emotional_stability 3 | innovativeness -1;Acepto pero mantengo distancia, intentando no mojarme en sus guerras. Juego peligroso de equilibrio.;innovativeness 2 | emotional_stability 2 | self_efficacy 1 | risk_propensity 1 | achievement -1;Busco otro mentor menos poderoso pero más ético. Prefiero buenos valores a influencia rápida.;emotional_stability 3 | self_efficacy 1 | ambiguity_tolerance 1 | risk_propensity -1;;
INTRA;22;Reducción de Costes;Te piden recortar un 10% del presupuesto de tu departamento. Tienes que elegir: despedir a una persona o quitar el café, la formación y los viajes a todos.;Despido a la persona menos productiva. Prefiero sacrificar a uno para mantener las condiciones del resto. Decisión quirúrgica y dolorosa.;achievement 4 | emotional_stability -1;Quito los beneficios a todos. Reparto la miseria. Nadie pierde su empleo, pero todos pierden calidad de vida. Solidaridad forzada.;emotional_stability 2 | risk_propensity -1 | autonomy 1;No recorto nada y peleo con finanzas justificando que todo es vital. Me arriesgo a que me lo recorten ellos a dedo.;risk_propensity 2 | self_efficacy 1 | emotional_stability -1 | locus_control -2;Busco generar ingresos extra o eficiencias ocultas para cubrir ese 10% sin recortar. Creatividad ante la crisis.;innovativeness 3 | self_efficacy 1 | achievement -1;;
INTRA;23;El Proyecto de Prestigio;"Te ofrecen liderar el proyecto ""estrella"" de la empresa. Todo el mundo te mirará. Si sale bien, asciendes. Si sale mal, estás muerto profesionalmente. Es de alto riesgo.";"Lo cojo. He venido a jugar. ""High risk, high reward"". Quiero la gloria y asumo el peligro. Confío en mi capacidad.";self_efficacy 2 | locus_control 3 | achievement 3 | ambiguity_tolerance -1;No lo cojo. Prefiero seguir en mi proyecto actual que es seguro y funciona bien. No necesito tanta presión ni focos.;ambiguity_tolerance 1;Lo cojo pero pido recursos blindados y un equipo de élite como condición. Negocio la seguridad antes de empezar.;self_efficacy 2 | innovativeness 2 | ambiguity_tolerance -1 | achievement -1;Pido compartir el liderazgo con otro para diluir la responsabilidad si sale mal. Co-liderazgo defensivo.;self_efficacy 2 | locus_control 3 | ambiguity_tolerance -1;;
INTRA;24;Reuniones Eternas;Tu agenda está llena de reuniones inútiles. No tienes tiempo para trabajar de verdad (Deep Work). Sientes que te ahogas en burocracia hablada.;"Empiezo a rechazar reuniones sistemáticamente. ""No iré si no hay agenda"". Me gano fama de borde pero recupero mi tiempo.";self_efficacy 2 | achievement 3 | ambiguity_tolerance -1;Sigo yendo a todas y trabajo por las noches. Asumo la cultura de la empresa y sacrifico mi vida personal. Presentismo.;locus_control 2 | emotional_stability -1;Voy a las reuniones pero me llevo el portátil y trabajo en ellas sin escuchar. Cuerpo presente, mente ausente.;achievement 2 | emotional_stability -1;Propongo implantar días sin reuniones en el departamento. Intento cambiar la cultura colectiva.;self_efficacy 1 | ambiguity_tolerance -1;;
INTRA;25;El Jefe Incompetente;Tu jefe directo no tiene ni idea. Tú haces su trabajo y él se lleva el sueldo. Te frustra su inutilidad y que te dé órdenes absurdas.;Le puenteo. Hablo con su jefe o con otros departamentos directamente. Le ignoro en la práctica. Rebelión silenciosa.;autonomy 3 | risk_propensity 2 | self_efficacy 1 | innovativeness -1 | locus_control -2;Le hago la pelota y le hago el trabajo. Si él brilla, yo estoy tranquilo. Espero heredar su puesto cuando le asciendan.;ambiguity_tolerance 3 | innovativeness 1 | achievement -1;Le expongo en público haciéndole preguntas difíciles que no sabe responder. Guerra de desgaste para que se note su incompetencia.;ambiguity_tolerance 1;Pido el traslado. No puedo trabajar para alguien a quien no admiro. Me voy a otro equipo.;risk_propensity 2 | self_efficacy 1 | emotional_stability -1 | locus_control -2;;
INTRA;26;Vacaciones Ilimitadas;"La empresa implanta ""vacaciones ilimitadas"". Sabes que es una trampa: la gente acaba cogiendo menos por miedo a parecer vaga. ¿Cuántas te coges?";Me cojo 6 semanas. Si son ilimitadas, las uso. Doy ejemplo de que hay que descansar. No tengo miedo.;autonomy 3 | emotional_stability 3 | risk_propensity 2 | self_efficacy 1 | innovativeness -1 | locus_control -2;Me cojo las 4 de siempre. No quiero destacar ni que me miren mal. Sigo la norma no escrita.;ambiguity_tolerance 1;"Me cojo menos que antes para demostrar compromiso y que soy un ""high performer"". Caigo en la trampa del sistema.";ambiguity_tolerance 1;Organizo a mi equipo para que todos se cojan al menos 5 semanas obligatorias. Lidero el bienestar.;self_efficacy 2 | emotional_stability 3 | locus_control 2 | ambiguity_tolerance -1;;
INTRA;27;Correo el Fin de Semana;Tu jefe envía correos el sábado y espera respuesta. Si contestas, validas esa cultura. Si no, pareces poco comprometido.;No contesto hasta el lunes a las 9:00. Marco límites estrictos. Mi tiempo libre es mío. Educo a mi jefe con el silencio.;autonomy 3 | achievement 4 | risk_propensity 1 | innovativeness -1;"Contesto al momento. Quiero demostrar que estoy ""siempre on"". La carrera corporativa exige sacrificio total.";achievement 4 | emotional_stability -1;Contesto pero programo el envío para el lunes a las 8:00. Parezco eficiente pero no fomento el trabajo en fin de semana.;innovativeness 3 | emotional_stability 2 | self_efficacy 1 | achievement -1;Le digo a mi jefe el lunes que por favor no me escriba en fin de semana. Confrontación asertiva.;self_efficacy 2 | risk_propensity 3 | ambiguity_tolerance -1 | locus_control -2;;
INTRA;28;El Favor Personal;Un cliente importante te pide que enchufes a su hijo en unas prácticas. No es el mejor candidato, pero el cliente es vital para la empresa.;"Lo enchufo. Es ""relaciones públicas"". Un favor hoy es una venta mañana. El mundo funciona así.";self_efficacy 2 | innovativeness 2 | achievement -1 | emotional_stability -2;No lo enchufo. Tenemos un proceso de selección justo. No corrompo el sistema por un cliente. Integridad.;emotional_stability 3 | risk_propensity 2 | self_efficacy 1 | achievement -1 | locus_control -2;Le hago una entrevista de cortesía pero no le cojo si no vale. Quedo bien sin comprometerme.;emotional_stability 1 | risk_propensity -1 | autonomy 1;Le busco prácticas en otra empresa amiga para hacer el favor sin meterlo en la mía.;innovativeness 3 | self_efficacy 1 | achievement -1;;
INTRA;29;Presupuesto Sobrante;Llega diciembre y te sobran 5.000€ de presupuesto. Si no los gastas, te los quitarán el año que viene (Use it or lose it). No necesitas nada urgente.;Me los gasto en algo innecesario (iPads, cena de lujo). Protejo mi presupuesto futuro. El sistema incentiva el despilfarro.;achievement 2 | emotional_stability -1;Los devuelvo. Soy responsable con el dinero de la empresa. No gasto por gastar. Honestidad financiera.;locus_control 3 | emotional_stability 3 | achievement 3 | risk_propensity -1;Intento prepagar servicios del año que viene para aprovechar el dinero de forma útil. Ingeniería presupuestaria.;innovativeness 3 | self_efficacy 1 | achievement -1;Lo invierto en formación para el equipo, que siempre viene bien. Gasto útil de última hora.;risk_propensity 3 | self_efficacy 1 | emotional_stability -1 | locus_control -2;;
INTRA;30;La Oficina de Lujo;"La empresa se muda a unas oficinas de lujo en el centro, pero quita el teletrabajo. ""La oficina es un imán"", dicen. Tú prefieres trabajar en casa.";Voy a la oficina y disfruto del lujo. Aprovecho el gimnasio y la fruta gratis. Me adapto al entorno.;innovativeness 3 | self_efficacy 1 | achievement -1;Pido seguir en teletrabajo. El mármol no me hace más productivo. Mi casa es mi castillo. Resistencia.;autonomy 3 | achievement 4 | innovativeness -1;"Voy pero me quejo todo el día. Soy el ""pitufo gruñón"" que amarga el ambiente. Resistencia pasiva.";ambiguity_tolerance 1;"Negocio ir solo 2 días para ""colaborar"" y el resto en casa. Híbrido racional.";self_efficacy 2 | autonomy 2 | ambiguity_tolerance -1;;
INTRA;31;Amistad con el Jefe;Tu jefe quiere ser tu amigo. Te invita a cervezas y te cuenta sus problemas matrimoniales. Sabes que eso complica la relación profesional.;"Mantengo la distancia. ""No mezclo"". Le pongo excusas para no quedar. La jerarquía necesita distancia para funcionar.";autonomy 3 | innovativeness -1 | emotional_stability 2;Me hago su amigo íntimo. Es la mejor forma de estar protegido y ascender. La confianza personal es poder.;self_efficacy 2 | risk_propensity 2 | ambiguity_tolerance -1 | locus_control -2;Le escucho pero no cuento nada mío. Soy su paño de lágrimas pero mantengo mi privacidad blindada.;innovativeness 3 | emotional_stability 2 | self_efficacy 1 | achievement -1;Aprovecho la confianza para pedirle un aumento. Monetizo la amistad.;risk_propensity 1 | emotional_stability -1;;
INTRA;32;El Curso de Mindfulness;"La empresa os paga un curso de Mindfulness para ""gestionar el estrés"", en vez de bajar la carga de trabajo o contratar más gente. Te parece un insulto.";"No voy. ""No quiero respirar mejor, quiero trabajar menos"". Boicoteo la iniciativa por cínica. Protesta silenciosa.";autonomy 3 | locus_control 2 | innovativeness -1;Voy y lo aprovecho. Me viene bien relajarme, aunque la causa del estrés siga ahí. Pragmatismo personal.;emotional_stability 3 | innovativeness 2 | ambiguity_tolerance 2 | self_efficacy 1 | risk_propensity -1 | achievement -1;Voy y en medio del curso digo que el problema es la carga de trabajo. Uso el foro para denunciar la situación.;risk_propensity 3 | self_efficacy 1 | emotional_stability -1 | locus_control -2;Me río del curso con los compañeros en el café. Cinismo corporativo compartido.;ambiguity_tolerance 1 | achievement -1;;
INTRA;33;La Evaluación de Desempeño;"Tienes que evaluar a tus empleados. La empresa te obliga a usar una ""Campana de Gauss"" (alguno tiene que tener mala nota por estadística, aunque todos sean buenos).";Me niego a suspender a alguien bueno. Peleo con RRHH y defiendo a mi equipo. La estadística no puede estar por encima de la realidad.;emotional_stability 3 | risk_propensity 3 | self_efficacy 1 | achievement -1 | locus_control -2;"Cumplo la norma. Le pongo mala nota al menos bueno o al nuevo. ""Son las reglas del juego"". Obediencia institucional.";achievement 3 | emotional_stability -1;Roto la mala nota cada año entre todos para que nadie sufra mucho. Truco para hackear el sistema injusto.;emotional_stability 3 | innovativeness 2 | self_efficacy 1 | risk_propensity -1 | achievement -1;"Les digo la verdad al equipo: ""El sistema me obliga"". Me excuso y les digo que no es real. Lavo mi imagen.";emotional_stability 3 | risk_propensity -1 | autonomy 1;;
INTRA;34;Cambio de Software;La empresa implanta un software nuevo que es peor que el anterior, pero lo ha decidido el CEO. Es un infierno usarlo.;Lo uso y me callo. Donde hay patrón no manda marinero. Me adapto a la ineficiencia. Resignación.;innovativeness 3 | ambiguity_tolerance 2 | self_efficacy 1 | achievement -1;Me quejo constructivamente. Hago un informe de los fallos para intentar que lo mejoren. Feedback leal.;locus_control 3 | emotional_stability 2 | achievement -1;Sigo usando el viejo en secreto o un Excel paralelo. Resistencia partisana a la tecnología impuesta.;autonomy 3 | achievement 3 | risk_propensity 1 | innovativeness -1;Boicoteo la implantación diciendo que no funciona. Resistencia pasiva para que vuelvan al antiguo.;risk_propensity 1 | emotional_stability -1;;
INTRA;35;Viajes de Trabajo;"Te mandan viajar constantemente. Al principio era divertido, ahora estás agotado y no ves a tu familia. Tu jefe dice que es ""parte del puesto"".";Me planto. Pido reducir viajes o videoconferencias. Si no aceptan, busco otro trabajo. Mi vida no está en venta.;autonomy 3 | risk_propensity 2 | self_efficacy 1 | innovativeness -1 | locus_control -2;"Sigo viajando. Es el precio del éxito. ""Ya descansaré cuando me jubile"". Sacrificio de la vida personal.";achievement 3 | ambiguity_tolerance 2 | emotional_stability -1;Intento agrupar viajes o mandar a alguien de mi equipo. Gestión eficiente de la agenda.;achievement 4 | self_efficacy 1 | emotional_stability 1 | risk_propensity -1;Alargo los viajes para hacer turismo (Bleisure) y compensar el cansancio con ocio pagado.;ambiguity_tolerance 1 | achievement -1;;
INTRA;36;Conflicto de Intereses;Tu pareja trabaja en una empresa proveedora. Podrías contratarla y darle trabajo. Nadie lo sabe.;Me abstengo. Aviso a mi jefe del conflicto y me retiro de la decisión de compra. Ética intachable.;emotional_stability 3 | risk_propensity -1 | autonomy 1;La contrato. Es buena y me fío de ella. La empresa gana y mi casa también. Win-Win peligroso.;risk_propensity 2 | self_efficacy 1 | locus_control -2 | emotional_stability -2;Fuerzo que la contrate un compañero para no firmar yo. Disimulo el conflicto.;risk_propensity 1 | emotional_stability -1;"Le paso información privilegiada para que gane el concurso ""limpiamente"".";emotional_stability 2 | risk_propensity 2 | self_efficacy 1 | achievement -1 | locus_control -2;;
INTRA;37;Transparencia Salarial;Se filtran los sueldos y descubres que un compañero que hace lo mismo cobra un 20% más. Te sientes estafado.;"Voy al jefe y exijo la equiparación. ""Igual trabajo, igual salario"". Peleo por lo mío.";self_efficacy 2 | emotional_stability 3 | risk_propensity 1 | ambiguity_tolerance -1;Me callo y me quemo por dentro. Empiezo a trabajar un 20% menos para compensar. Justicia pasiva.;ambiguity_tolerance 1;Empiezo a buscar otro trabajo. Si no me valoran, me voy. El mercado pondrá mi precio.;risk_propensity 2 | self_efficacy 1 | emotional_stability -1 | locus_control -2;Pienso que él negoció mejor y aprendo para la próxima. Asumo mi responsabilidad en no haber pedido más.;innovativeness 3 | locus_control 2 | emotional_stability 2 | self_efficacy 1 | achievement -1;;
INTRA;38;El Idioma Corporativo;"En tu empresa se habla ""spanglish"" absurdo (""Hacemos un call para alinear el roadmap""). Te parece ridículo.";"Hablo normal. Me niego a usar la jerga. ""Reunión, no call"". Defiendo el idioma y la claridad.";emotional_stability 3 | autonomy 1 | risk_propensity -1;"Lo adopto. ""Si quieres ser parte de la tribu, habla como la tribu"". Mimetismo corporativo para integrarse.";ambiguity_tolerance 1;Lo uso irónicamente exagerándolo para reírme del sistema desde dentro. Humor defensivo.;ambiguity_tolerance 1;Creo mi propia jerga técnica para parecer más listo que ellos. Contraataque intelectual.;autonomy 3 | innovativeness -1;;
INTRA;39;La Cena de Navidad;"Es la cena de empresa. No te apetece nada ir, pero ""está mal visto"" no ir. Es política pura.";Voy y sonrío. Es parte del trabajo. Hago relaciones públicas y me voy pronto. Profesionalidad social.;achievement 3 | emotional_stability -1;No voy. Mi tiempo libre es mío. Si me penalizan por eso, es que la empresa es tóxica. Libertad.;autonomy 3 | risk_propensity 1 | innovativeness -1;Voy y me emborracho. Aprovecho la barra libre para desinhibirme y decir verdades. Riesgo de desastre.;risk_propensity 2 | self_efficacy 1 | emotional_stability -1 | locus_control -2;Me invento una excusa familiar creíble para no ir sin quedar mal. Mentira piadosa.;innovativeness 3 | self_efficacy 1 | achievement -1;;
INTRA;40;El Techo de Cristal;Sientes que no vas a ascender más. Has tocado techo en esta empresa. Estás cómodo y cobras bien, pero no hay reto.;Me voy. Necesito crecer. La comodidad es la muerte profesional. Busco retos fuera.;innovativeness 2 | self_efficacy 1 | achievement -1 | emotional_stability -1;"Me quedo. ""Hace mucho frío fuera"". Disfruto de mi estatus y mi sueldo. Priorizo la estabilidad.";ambiguity_tolerance 1;Me reinvento dentro. Busco proyectos laterales o horizontales para entretenerme. Job crafting.;locus_control 3 | innovativeness 2 | self_efficacy 1 | ambiguity_tolerance 1 | emotional_stability -1 | achievement -1;Me dedico a vivir. Hago lo mínimo y centro mi energía en mis hobbies. Trabajo alimenticio.;autonomy 3 | emotional_stability 2 | innovativeness -1;;
SALUD;1;El MVP Ético;"Has creado una App de diagnóstico dermatológico con IA. Funciona al 85%. Los inversores quieren lanzar ya (""Move fast""). Pero en salud, un error del 15% puede significar no detectar un cáncer real. La competencia va a lanzar en un mes.";"Lanzo con un ""disclaimer"" legal gigante que dice ""Esto no es un diagnóstico médico"". Traslado la responsabilidad al usuario y empiezo a facturar para mejorar el algoritmo.";risk_propensity 3 | self_efficacy 1 | locus_control -2 | emotional_stability -2;No lanzo hasta tener el 99% de fiabilidad y certificación médica. En salud no se juega. Prefiero quebrar esperando que matar a alguien por error.;emotional_stability 3 | risk_propensity -1 | autonomy 1;Lanzo una beta cerrada solo para médicos, usándolos de filtro de seguridad. Crezco más lento pero validado por profesionales.;autonomy 3 | innovativeness -1 | emotional_stability 2;Lanzo solo para enfermedades leves (acné), bloqueando los diagnósticos graves hasta estar seguro. Segmento el riesgo.;autonomy 2 | innovativeness -1 | emotional_stability 2;;
SALUD;2;El Socio Científico;"Tu socio es un científico brillante (Premio Nacional) pero no tiene ni idea de negocios y bloquea todas las decisiones comerciales por ""purismo"". Los inversores dicen que es un lastre para la venta.";Le aparto de la gestión. Le dejo en un consejo científico honorífico y tomo yo el control ejecutivo total. El laboratorio para él, la empresa para mí.;self_efficacy 2 | ambiguity_tolerance -1;Le mantengo en el poder por respeto y miedo a que se vaya. La empresa es su cerebro. Si él se va, no hay producto. Trago con su lentitud.;emotional_stability 3 | ambiguity_tolerance 2 | risk_propensity -1;"Contrato a un CEO externo ""tiburón"" para que se pelee él con el científico. Pongo un parachoques humano entre los dos.";self_efficacy 2 | innovativeness 1 | ambiguity_tolerance -1;Le compro su parte (Buyout) y le contrato como asesor externo. Le saco del accionariado para tener libertad de maniobra.;risk_propensity 3 | autonomy 2 | self_efficacy 1 | locus_control -2 | emotional_stability -1;;
SALUD;3;Burocracia Sanitaria;"Para vender tu producto a la Sanidad Pública necesitas 2 años de papeleo y ensayos clínicos. Te quedarás sin caja en 6 meses. Tienes la opción de venderlo como ""Producto de Bienestar"" (sin certificar) en farmacias mañana mismo.";Lo vendo como Bienestar. Necesito facturar para sobrevivir. Ya buscaré la certificación médica más adelante con el dinero que gane ahora.;innovativeness 3 | self_efficacy 1 | achievement -1;Aguanto y busco subvenciones o préstamos para resistir los 2 años. Mi visión es clínica, no de teletienda. No quiero diluir mi marca científica.;innovativeness 3 | ambiguity_tolerance 2 | self_efficacy 1 | achievement -1 | emotional_stability -1;Vendo la patente a una farmacéutica grande que tenga pulmón para aguantar la burocracia. Me rindo, cobro y me voy.;locus_control 2 | autonomy 2 | emotional_stability -1;Me voy a un país con regulación más laxa para lanzar allí primero y luego volver con datos reales (Real World Evidence).;ambiguity_tolerance 1 | achievement -1;;
SALUD;4;Datos de Pacientes;Una aseguradora te ofrece comprar los datos anonimizados de tus usuarios por un dineral. Es legal si está en la letra pequeña, pero sabes que tus usuarios se sentirían traicionados si lo supieran.;Vendo los datos. Es el modelo de negocio estándar en digital health. El dato es el nuevo petróleo y necesito gasolina para crecer.;achievement 4 | emotional_stability -1;No vendo. La privacidad de salud es sagrada. Mi confianza con el paciente es mi único activo real. Busco otra forma de monetizar.;emotional_stability 3 | ambiguity_tolerance 2 | risk_propensity -1;"Vendo solo ""insights"" agregados (informes de tendencias) sin dar datos brutos. Busco un punto medio ético y rentable.";autonomy 3 | innovativeness 2 | self_efficacy 1 | achievement -1;"Les pregunto a los usuarios. ""¿Queréis la App gratis a cambio de ceder datos, o pagáis 5€/mes?"". Transparencia radical.";emotional_stability 3 | risk_propensity 2 | self_efficacy 1 | achievement -1 | locus_control -2;;
SALUD;5;El Placebo Rentable;Tu producto estrella (suplemento/terapia) se vende muy bien, pero los últimos estudios internos dicen que su efecto es casi nulo (Placebo). Es inofensivo, pero inútil. La gente está contenta y compra.;Lo sigo vendiendo. Si la gente se siente mejor (efecto placebo), estoy ayudando. Y el negocio va como un tiro. No soy quien para romper su ilusión.;achievement 3 | emotional_stability -2 | self_efficacy -2;Lo retiro del mercado o cambio la fórmula. No puedo vender humo. Me siento un estafador. Prefiero cerrar una línea de negocio a mentir.;emotional_stability 3 | risk_propensity 2 | self_efficacy 1 | achievement -1 | locus_control -2;"Cambio el marketing para prometer menos (""Ayuda a..."") y estar legalmente cubierto, pero sigo vendiendo lo mismo.";ambiguity_tolerance 1 | self_efficacy -2;Invierto los beneficios en I+D para intentar que el producto funcione de verdad en la versión 2.0. Uso el dinero del placebo para crear ciencia.;ambiguity_tolerance 2 | risk_propensity 2 | self_efficacy 1 | innovativeness 1 | achievement -1 | locus_control -2;;
SALUD;6;Médicos vs Comerciales;"Tus visitadores médicos son agresivos vendiendo. Algunos médicos se quejan de que son ""demasiado comerciales"" y poco técnicos. Pero son los que traen las ventas y pagan las nóminas.";"Les pido que sigan así. Esto es una guerra comercial y necesito ""killers"". Si el médico compra, es que funciona. Los resultados mandan.";self_efficacy 2 | achievement 3 | ambiguity_tolerance -1;"Les freno. ""Somos consultores, no vendedores de alfombras"". Les obligo a formarse técnicamente y a ser más suaves. Perderé ventas a corto.";innovativeness 2 | self_efficacy 1 | achievement -1;Contrato a médicos para que vendan a médicos (Medical Science Liaisons). Es más caro y venden menos, pero con más nivel y prestigio.;innovativeness 2 | self_efficacy 1 | ambiguity_tolerance 1 | achievement -1;"Divido el equipo: ""Hunters"" agresivos para abrir puertas y ""Farmers"" técnicos para mantener la cuenta. Especialización de roles.";self_efficacy 1 | achievement 3 | emotional_stability 1 | ambiguity_tolerance -1;;
SALUD;7;Humanización vs Rentabilidad;Diriges una clínica privada. Puedes meter a 4 pacientes por hora (15 min) y ser muy rentable, o a 2 (30 min) y dar un trato humano excelente pero ganar poco.;4 pacientes/hora. Volumen. Necesito pagar las máquinas y los sueldos. La medicina privada es un negocio de rotación y eficiencia.;achievement 4 | emotional_stability -1;2 pacientes/hora. Calidad. Me hice médico para curar, no para despachar. Si no es rentable, subiré el precio, pero no bajaré el tiempo.;ambiguity_tolerance 1;Contrato enfermeras para que hagan el triaje y la burocracia, y yo solo entro 5 minutos a la parte clave. Optimización de tiempos.;self_efficacy 2 | autonomy 1 | ambiguity_tolerance -1;"Ofrezco dos tarifas: ""Consulta Express"" (barata) y ""Consulta Premium"" (larga). Que el paciente elija cuánto tiempo quiere comprar.";ambiguity_tolerance 1 | achievement -1;;
SALUD;8;El Error Médico (Propio);Has cometido un error en un tratamiento. El paciente no se ha dado cuenta y las consecuencias son leves (molestias). Si se lo dices, te puede demandar y arruinar tu reputación.;Se lo digo. Pido perdón y reparo el daño gratis. La relación médico-paciente se basa en la verdad. Asumo las consecuencias legales.;emotional_stability 3 | risk_propensity 3 | self_efficacy 1 | locus_control -2 | achievement -1;"Me callo. Le trato las ""molestias"" como si fueran un efecto secundario normal. ""Ojos que no ven..."". Protejo mi carrera y el seguro.";ambiguity_tolerance 1;Lo anoto en la historia clínica para estar cubierto legalmente, pero no se lo verbalizo explícitamente. Burocracia defensiva.;ambiguity_tolerance 1;Le hago un descuento o regalo en el próximo tratamiento para compensar mi culpa sin admitir el error. Compensación silenciosa.;locus_control 3 | emotional_stability -1;;
SALUD;9;Telemedicina Forzosa;Tus pacientes mayores quieren verte en persona. Tú quieres pasar a telemedicina para ahorrar costes de local y trabajar desde casa. Tienes un conflicto generacional.;Impongo la telemedicina. El mundo avanza. Les pongo tutoriales y facilidades, pero cierro la consulta física. Renovarse o morir.;achievement 4 | emotional_stability 2 | risk_propensity -1;Mantengo lo físico. Mi nicho es la gente mayor y ellos pagan por el contacto. Soy un servicio de proximidad. La tecnología espera.;emotional_stability 3 | risk_propensity -1 | autonomy 1;Modelo híbrido: Cobro más caro por la visita presencial (Lujo) y más barato por la online. Incentivo el cambio con el precio.;innovativeness 2 | self_efficacy 1 | emotional_stability 1 | achievement -1;Voy yo a sus casas (a domicilio). Cobro un extra por desplazamiento. Servicio VIP ultra-personalizado. Uberización médica.;ambiguity_tolerance 1 | achievement -1;;
SALUD;10;Colaborar con la Pública;La Sanidad Pública está colapsada. Puedes ofrecerte para coger sus listas de espera a precio bajo. Es volumen seguro pero paga mal y tarde. O seguir solo con privados.;Cojo las listas de espera. Volumen es volumen. Lleno la clínica y aseguro ingresos fijos, aunque el margen sea pequeño. Seguridad.;self_efficacy 1 | ambiguity_tolerance -1;Sigo solo privado. Quiero cobrar bien y pronto. No quiero depender de la administración ni bajar mi caché. Exclusividad.;autonomy 3 | achievement 3 | innovativeness -1;Cojo solo las pruebas diagnósticas (máquinas) que son rápidas, pero no las consultas. Rentabilizo el equipo, no mi tiempo.;autonomy 3 | innovativeness 2 | self_efficacy 1 | achievement -1;Uso la pública como marketing: atiendo bien a los derivados para que luego vuelvan a mí por lo privado. Embudo de ventas.;innovativeness 2 | self_efficacy 1 | achievement -1;;
SALUD;11;Burnout Sanitario;Estás agotado de escuchar problemas de salud todo el día. Tienes fatiga por compasión. Empiezas a tratar a los pacientes como números para no sufrir.;Me tomo un descanso o reduzco jornada drásticamente. Si yo no estoy bien, no puedo cuidar a nadie. Priorizo mi salud mental.;emotional_stability 3 | autonomy 3 | risk_propensity -1;"Sigo trabajando en modo ""robot"". Me disocio emocionalmente. Soy un técnico eficiente pero frío. Supervivencia profesional.";ambiguity_tolerance 3 | autonomy 2 | emotional_stability -2;Voy a terapia y supervisión para gestionar la carga. Invierto en mi herramienta de trabajo (yo mismo) para seguir aguantando.;achievement 4 | locus_control 2 | emotional_stability -1;Cambio de especialidad o me dedico a gestión/docencia para no ver pacientes un tiempo. Huida lateral.;innovativeness 2 | self_efficacy 1 | achievement -1;;
SALUD;12;La Moda Pseudocientífica;"Se ha puesto de moda una terapia sin base científica (Reiki, Detox...) que los clientes piden mucho. Es dinero fácil y ""no hace daño"".";La ofrezco. Si el cliente lo pide y paga, se lo doy. Soy un proveedor de servicios de salud/bienestar, no un guardián de la ciencia.;innovativeness 3 | self_efficacy 1 | achievement -1 | emotional_stability -1;Me niego. En mi centro solo entra ciencia. Mi reputación y mi ética valen más que la moda de turno. Pierdo ese dinero con orgullo.;autonomy 3 | innovativeness -1;"Contrato a un externo que lo haga en mis instalaciones alquilándole el espacio. ""Yo no lo hago, pero aquí se hace"". Me lavo las manos.";achievement 3 | emotional_stability -1;Les explico a los clientes por qué no funciona e intento venderles la alternativa científica. Educar al paciente es mi deber.;ambiguity_tolerance 3 | self_efficacy 1 | achievement -1;;
SALUD;13;Competencia Desleal;"Una clínica vecina hace ofertas agresivas (""Implante a 200€"") que sabes que son engañosas (luego cobran extras). Te están robando pacientes.";Les denuncio al colegio de médicos/odontólogos por publicidad engañosa. Juego la carta legal y corporativa. Defensa gremial.;emotional_stability 3 | ambiguity_tolerance 2 | risk_propensity -1;"Hago una campaña explicando ""Lo que esconde el precio bajo"". Educo al paciente sobre la calidad para diferenciarme. Guerra de valor.";innovativeness 2 | self_efficacy 1 | achievement -1;Bajo mis precios para competir, recortando en materiales o tiempos. Entro al trapo del Low Cost por miedo a desaparecer.;risk_propensity -1 | emotional_stability 2 | autonomy 1;"Les ignoro. ""Lo barato sale caro"". Espero a que vengan los pacientes rebotados de allí con problemas para arreglárselos yo.";ambiguity_tolerance 3 | self_efficacy 1 | achievement -1;;
SALUD;14;Inversión Tecnológica;Ha salido un escáner nuevo carísimo (200k) que mejora un poco el diagnóstico. Tu competencia lo ha comprado y lo anuncia. Tú tienes uno de hace 5 años que funciona bien.;Lo compro. No puedo quedarme atrás tecnológicamente. La medicina es tecnología. Me endeudo para estar a la vanguardia y dar imagen.;innovativeness 3 | risk_propensity 3 | self_efficacy 1 | achievement -1 | locus_control -2;No lo compro. Mi valor son mis manos y mi ojo clínico, no la máquina. Espero a que se rompa el viejo. Rentabilidad sobre novedad.;self_efficacy 2 | ambiguity_tolerance -1;Hago un acuerdo con un centro de radiología para derivar allí a los pacientes que lo necesiten de verdad. Externalizo el coste.;self_efficacy 2 | achievement 3 | ambiguity_tolerance -1;"Le hago un ""lifting"" a mi máquina vieja y mejoro la sala de espera para que parezca todo más moderno. Marketing visual.";ambiguity_tolerance 1 | achievement -1;;
SALUD;15;El Paciente Insoportable;Un paciente paga bien pero trata mal a tu recepcionista, llega tarde siempre y se queja de todo. Te amarga el día cada vez que viene.;"Le invito a irse a otro sitio. ""Creo que no somos la clínica adecuada para usted"". Protejo a mi equipo y mi paz mental. Despido al cliente.";emotional_stability 3 | autonomy 2 | risk_propensity -1;"Le aguanto. ""El cliente paga"". Le cobro un plus mentalmente. Le doy cita a última hora para que no moleste a otros. Trago.";achievement 2 | emotional_stability -1;Le siento y le leo la cartilla. Le pongo límites claros de comportamiento. Si los acepta bien, si no, puerta. Confrontación educativa.;self_efficacy 2 | risk_propensity 1 | ambiguity_tolerance -1;Le paso con mi socio o con otro médico de la clínica que tenga más paciencia. Me lo quito de encima yo.;self_efficacy 2 | ambiguity_tolerance -1;;
SALUD;16;Preventiva vs Curativa;Ganas más dinero operando (curativa) que enseñando hábitos saludables (preventiva). Si tus pacientes se cuidan, te necesitan menos.;Me centro en operar. Es mi negocio. Si enferman, yo les curo. No soy responsable de sus hábitos. Incentivo perverso pero real.;achievement 4 | locus_control 3 | emotional_stability -1;"Creo una unidad de ""Medicina del Estilo de Vida"". Cobro por mantenerles sanos (suscripción). Cambio el modelo a salud, no enfermedad.";emotional_stability 3 | innovativeness 2 | self_efficacy 1 | risk_propensity -1 | achievement -1;Hago charlas gratuitas de prevención como marketing para captar pacientes para operar. Uso la salud como gancho comercial.;innovativeness 2 | emotional_stability 2 | self_efficacy 1 | achievement -1;Les doy consejos rápidos en consulta pero sé que no los seguirán. Cumplo moralmente pero vivo de la patología.;risk_propensity 3 | self_efficacy 1 | emotional_stability -1 | locus_control -2;;
SALUD;17;Seguro Médico Privado;Las aseguradoras te pagan una miseria por visita (15€) y tardan en pagar. Pero te llenan la agenda de pacientes sin esfuerzo comercial.;Rompo con los seguros. Me hago 100% privado. Veré a menos pacientes pero cobraré lo que valgo (100€). Apuesto por la calidad y el riesgo.;risk_propensity 3 | self_efficacy 1 | emotional_stability -1 | locus_control -2;"Sigo con los seguros. Me dan volumen y seguridad. Hago ""medicina de batalla"" rápida para que sea rentable. Supervivencia por volumen.";ambiguity_tolerance 1;Mantengo un par de seguros buenos y quito los malos. Voy haciendo una transición suave hacia lo privado sin saltar al vacío.;innovativeness 2 | emotional_stability 2 | self_efficacy 1 | achievement -1;Uso los seguros para captar al paciente y luego intento venderle tratamientos no cubiertos (privados) dentro de la consulta.;achievement 4 | emotional_stability -1;;
SALUD;18;Protección de Datos;Tienes los historiales en papel en archivadores con llave, como toda la vida. La ley te obliga a digitalizar y encriptar todo. Te da pereza y miedo a los hackers.;Digitalizo todo. Contrato un software seguro en la nube. Cumplo la ley y modernizo la clínica, aunque me cueste dinero y esfuerzo.;ambiguity_tolerance 1;"Sigo con el papel. ""Nunca me han entrado a robar"". Es más seguro que internet. Me arriesgo a la multa por protección de datos. Resistencia.";risk_propensity 2 | self_efficacy 1 | emotional_stability -1 | locus_control -2;Escaneo todo a un disco duro local desconectado de internet. Solución casera intermedia. Ni papel ni nube. Seguridad por aislamiento.;ambiguity_tolerance 1;Contrato a una empresa externa de custodia de archivos para que se lleven los papeles y los guarden ellos. Externalizo el problema.;self_efficacy 2 | ambiguity_tolerance -1;;
SALUD;19;El Familiar del Médico;Te piden que trates a tu padre o a tu hijo de algo serio. Sabes que pierdes objetividad y que si sale mal, destrozará la familia.;"Me niego. ""Los médicos no tratan a su familia"". Les derivo al mejor colega que conozco. Ética profesional y protección personal.";emotional_stability 3 | autonomy 2 | risk_propensity -1;"Les trato. ""Nadie les va a cuidar mejor que yo"". Confío en mi técnica y asumo la carga emocional extra. Soberbia profesional.";self_efficacy 2 | risk_propensity 2 | locus_control -2 | ambiguity_tolerance -1;Estoy presente en la cirugía/consulta pero dejo que opere otro. Superviso pero no ejecuto. Control freak.;ambiguity_tolerance 1;Les trato solo cosas menores, pero lo grave lo derivo. Pongo límites según la gravedad del asunto.;autonomy 3 | innovativeness -1 | emotional_stability 2;;
SALUD;20;Jubilación del Fundador;Eres el médico fundador de la clínica. Tienes 70 años. Tus pacientes solo quieren verte a ti. Si te vas, la clínica puede morir o perder valor.;Vendo la clínica a un grupo inversor y me voy. Que gestionen ellos la transición. Yo cobro mi salida y disfruto lo que me queda. Desapego.;autonomy 3 | locus_control 2 | innovativeness -1;"Ficho a un sucesor joven y estoy 2 años presentándole a los pacientes (""es muy bueno""). Transición ordenada y tutelada.";locus_control 3 | self_efficacy 1 | ambiguity_tolerance 2 | emotional_stability -1;Sigo trabajando hasta que me muera con las botas puestas. La clínica soy yo. Sin mí, esto no tiene sentido. Identidad total.;autonomy 3 | innovativeness -1 | emotional_stability 2;Le paso la clínica a mi hijo (que es médico) aunque no sea tan bueno ni tenga carisma. Dinastía familiar ciega.;ambiguity_tolerance 2 | risk_propensity 1 | achievement -1;;
SALUD;21;La Lista Forbes;"Te han nominado a los ""Top Doctors"". Requiere ir a galas, entrevistas y pagar una cuota de marketing. Te quita tiempo de consulta.";"Pago y voy. Es marketing de prestigio. Los pacientes quieren ir al médico ""famoso"". Subo mi caché gracias a la fama.";achievement 3 | emotional_stability -1;Paso de listas. Mi prestigio está en el quirófano, no en las revistas. Mis pacientes vienen por el boca a boca.;emotional_stability 3 | achievement 3 | risk_propensity -1;Uso el logo del premio en la web pero no voy a los eventos. Aprovecho la marca sin perder tiempo.;achievement 4 | emotional_stability -1;"Critico públicamente esos premios como ""fraude de pago"". Me posiciono como el médico antisistema.";autonomy 3 | risk_propensity 1 | innovativeness -1;;
SALUD;22;El Comercial de Pharma;"Un visitador te ofrece un viaje al Caribe ""para un congreso"" si recetas su medicamento (que es igual que el genérico pero más caro).";"Acepto el viaje. ""Todos lo hacen"". Es una compensación por mi duro trabajo. El medicamento es bueno, no hago daño a nadie.";emotional_stability -2;Le echo de la consulta. Mi receta no se vende. Receto lo mejor para el paciente, no lo que me paga vacaciones.;emotional_stability 3 | autonomy 2 | risk_propensity -1;Le pido que en vez de viaje me pague la inscripción a un curso real o libros. Intento blanquear el soborno.;self_efficacy 2 | emotional_stability 2 | ambiguity_tolerance -1;Receto su medicamento solo si es estrictamente necesario, pero cojo los bolígrafos y muestras gratis. Pequeña corrupción.;autonomy 3 | innovativeness -1;;
SALUD;23;El Paciente VIP;Un famoso quiere operarse contigo pero exige que cierres la planta para él y saltarse la lista de espera. Paga el triple.;Acepto. El dinero del VIP financia mejoras para todos. Es un servicio premium. El dinero manda.;innovativeness 2 | self_efficacy 1 | achievement -1 | emotional_stability -1;"Me niego. ""Aquí todos los pacientes son iguales"". La salud no entiende de clases. Respeto mi lista de espera.";emotional_stability 3 | risk_propensity -1;Le opero en horario extra (sábado) para no afectar a los demás. Hago un esfuerzo extra para cobrar el extra.;emotional_stability 1 | risk_propensity -1 | autonomy 1;Le derivo a una clínica de lujo amiga y cobro comisión. No quiero ese circo en mi casa.;achievement 2 | emotional_stability -1;;
SALUD;24;Cobrar Cita Fallida;Tienes un 20% de pacientes que no aparecen (No-Show). Pierdes dinero. ¿Empiezas a cobrar la cita por adelantado o multar?;Cobro por adelantado. Mi tiempo es dinero. Si reservan, pagan. Educo al paciente a golpe de tarjeta.;emotional_stability 3 | achievement 4 | risk_propensity 2 | self_efficacy 1 | innovativeness -1 | locus_control -2;Sigo sin cobrar. Me da miedo que si cobro antes, no reserven. Asumo el 20% de fallo como coste estructural.;locus_control 3 | emotional_stability -1;Les llamo el día antes para confirmar. Pongo a una secretaria a perseguirles. Gasto humano para asegurar asistencia.;ambiguity_tolerance 1;Sobresaturo la agenda (Overbooking) asumiendo que alguien fallará. Si vienen todos, se espera. Modelo aerolínea.;risk_propensity 3 | self_efficacy 1 | emotional_stability -1 | locus_control -2;;
SALUD;25;Guerra de Precios Dental;"Ha abierto un ""Dentix"" al lado con implantes tirados de precio. Tus pacientes te preguntan por qué eres tan caro.";"Mantengo precios y explico la calidad. ""Yo uso titanio, ellos lata"". Hago pedagogía del valor. No compito en precio.";self_efficacy 1 | innovativeness 2 | ambiguity_tolerance -1 | achievement -1;Bajo precios y compro material más barato. El mercado manda y la gente solo mira el bolsillo. Me adapto a la baja.;autonomy 2 | innovativeness -1;"Lanzo una segunda marca ""Low Cost"" en otro local para captar a ese público sin manchar mi nombre.";innovativeness 3 | self_efficacy 1 | achievement -1;Hago ofertas gancho (limpieza gratis) para que entren y luego venderles calidad. Marketing agresivo.;self_efficacy 1 | ambiguity_tolerance -1;;
SALUD;26;La Máquina de 100k;"Ha salido un láser nuevo. No hay evidencia clara de que sea mejor, pero ""viste mucho"" tenerlo. Cuesta 100.000€.";"Lo compro. El efecto placebo y el marketing de tener ""lo último"" atraerán pacientes. Es una inversión de imagen.";risk_propensity 3 | self_efficacy 1 | emotional_stability -1 | locus_control -2;Espero a la evidencia. No gasto 100k en juguetes. Soy científico, no feriante. Prudencia financiera y médica.;ambiguity_tolerance 1;Lo alquilo por días (Renting) para probar si hay demanda antes de comprar. Testeo de mercado.;innovativeness 3 | self_efficacy 1 | achievement -1;Compro el modelo anterior de segunda mano que hace lo mismo pero es más barato. Funcionalidad sobre novedad.;achievement 3 | emotional_stability -1;;
SALUD;27;El Error del Compañero;Ves que un compañero de la clínica comete un error diagnóstico grave. Es tu amigo. Si lo reportas, le expedientan.;Lo reporto. La seguridad del paciente está por encima de la amistad. El corporativismo mata. Integridad dolorosa.;emotional_stability 3 | locus_control 3 | risk_propensity -1;Hablo con él en privado para que rectifique, pero no lo reporto. Le protejo y espero que aprenda. Lealtad mal entendida.;emotional_stability 3 | risk_propensity 2 | self_efficacy 1 | achievement -1 | locus_control -2;"Me callo. ""Entre bomberos no nos pisamos la manguera"". No soy policía. Miedo a represalias.";risk_propensity -1 | emotional_stability 2 | autonomy 1;Lo arreglo yo discretamente sin decir nada a nadie. Me cargo de trabajo extra para tapar su fallo.;ambiguity_tolerance 1 | achievement -1;;
SALUD;28;El Burnout del Médico;Ya no sientes empatía. Los pacientes te irritan. Estás quemado. ¿Paras o sigues?;Pido una baja. Necesito resetear. Un médico quemado es un peligro público. Responsabilidad profesional.;locus_control 3 | emotional_stability -1;Sigo trabajando. Tengo hipoteca y familia. Me pongo una coraza y funciono en automático. Resistencia suicida.;ambiguity_tolerance 3 | risk_propensity 2 | self_efficacy 1 | achievement -1 | locus_control -2;Reduzco la jornada y gano menos. Compro tiempo de vida con dinero. Downshifting.;emotional_stability 3 | risk_propensity -1 | autonomy 1;Me paso a gestión o docencia. Dejo la trinchera asistencial. Cambio de rol.;innovativeness 2 | self_efficacy 1 | achievement -1;;
SALUD;29;Franquiciar la Clínica;Tu modelo funciona. Te ofrecen franquiciarlo. Perderás el control del detalle pero ganarás royalties pasivos.;Franquicio. Quiero construir un imperio. Acepto que la calidad bajará un 10% pero el impacto subirá un 1000%.;achievement 4 | risk_propensity 2 | self_efficacy 1 | emotional_stability -1 | locus_control -2;No franquicio. Mi clínica es de autor. Nadie lo hará como yo. Prefiero ser único que rico y mediocre.;ambiguity_tolerance 1;Abro sucursales propias. Crezco pero controlo yo. Es más lento y arriesgado, pero seguro.;locus_control 3 | innovativeness 2 | self_efficacy 1 | emotional_stability -1 | achievement -1;Vendo el saber hacer (formación) a otros médicos sin darles mi marca. Consultoría.;emotional_stability 2 | achievement -1;;
SALUD;30;Venta a Grupo Hospitalario;Quirón/Sanitas te quiere comprar. Te pagan bien pero te convertirás en empleado con protocolos rígidos. Pierdes tu libertad.;Vendo. El sector se concentra y los pequeños morirán. Cojo el dinero y me aseguro el futuro. Realismo de mercado.;ambiguity_tolerance 1;Resisto. Soy el galo irreductible. Mi libertad clínica no tiene precio. Moriré matando con mi consulta pequeña.;autonomy 3 | innovativeness -1 | emotional_stability 2;Vendo pero negocio autonomía clínica total por contrato. Intento engañar al sistema corporativo.;self_efficacy 2 | ambiguity_tolerance 2 | innovativeness 2 | risk_propensity 1 | achievement -1;Me fusiono con otros pequeños para hacer fuerza común. Cooperativa de resistencia.;self_efficacy 2 | innovativeness 2 | ambiguity_tolerance -1 | achievement -1;;
SALUD;31;Incertidumbre Regulatoria;El gobierno amenaza con prohibir una técnica que usas (ej: Bótox en dentistas). No es seguro. ¿Sigues invirtiendo en ella?;Sigo. Hasta que no salga en el BOE, es legal. Aprovecho el vacío legal para facturar al máximo. Riesgo calculado.;risk_propensity 3 | self_efficacy 1 | emotional_stability -1 | locus_control -2;Paro. No quiero invertir en algo que pueden prohibir mañana. Prudencia regulatoria. Busco otra cosa.;ambiguity_tolerance 1;Hago lobby con mi colegio profesional para que no lo prohíban. Lucho por mi mercado.;self_efficacy 1 | ambiguity_tolerance -1;Diversifico ya para no depender de esa técnica. Plan B inmediato.;innovativeness 3 | self_efficacy 1 | achievement -1;;
SALUD;32;Ciberataque Hospitalario;Ransomware. Tus datos están secuestrados. No puedes operar. ¿Pagas al hacker?;Pago. La vida de los pacientes va primero. No puedo estar parado. Pragmatismo de emergencia.;achievement 4 | emotional_stability -1;No pago. No financio criminales. Vuelvo al papel y boli y cancelo cirugías no urgentes. Caos ético.;emotional_stability 3 | ambiguity_tolerance 3 | risk_propensity -1;Llamo a la policía y prensa. Hago público el ataque. Transparencia total.;emotional_stability 3 | risk_propensity 3 | self_efficacy 1 | achievement -1 | locus_control -2;Intento restaurar copias antiguas y perder una semana de datos. El mal menor.;ambiguity_tolerance 1 | achievement -1;;
SALUD;33;Soledad del Director Médico;Tienes que recortar gastos en material (gasas, jeringas) para cuadrar cuentas. Los médicos se quejarán de la calidad. Estás solo.;"Compro material barato. ""La pela es la pela"". Si cumple normativa, vale. Prioridad financiera.";achievement 4 | emotional_stability 2 | risk_propensity -1;Mantengo la calidad y recorto de otro lado (limpieza, marketing). La asistencia no se toca. Línea roja.;risk_propensity 2 | self_efficacy 1 | emotional_stability -1 | locus_control -2;Negocio con proveedores mejores precios por volumen. Gestión de compras eficiente.;self_efficacy 2 | ambiguity_tolerance -1;Les explico la situación a los médicos y les pido que ahorren material (no despilfarren). Concienciación.;self_efficacy 2 | emotional_stability 2 | ambiguity_tolerance 1 | achievement -1;;
SALUD;34;Medicina Alternativa;Los pacientes piden Homeopatía. Sabes que es agua con azúcar, pero deja mucho margen y no daña.;"La vendo. ""Si el paciente lo quiere y le hace sentir bien, adelante"". El cliente manda. Negocio.";innovativeness 3 | self_efficacy 1 | achievement -1 | emotional_stability -1;La prohíbo. Soy un centro médico, no una herboristería. Ciencia o nada. Integridad científica.;emotional_stability 2 | risk_propensity -1 | autonomy 1;"La ofrezco como ""complementaria"" dejando claro que no cura. Ambigüedad calculada.";emotional_stability 2 | risk_propensity 1 | achievement -1;Derivo a un homeópata externo. No mancho mi clínica pero doy servicio.;ambiguity_tolerance 1 | achievement -1;;
SALUD;35;Objetivos Financieros;Vas mal de presupuesto anual. ¿Mandas pruebas diagnósticas innecesarias para facturar más a los seguros?;"Sí. ""Más vale prevenir"". Pido TACs y analíticas extra. Facturo y me curo en salud legal. Sobrediagnóstico.";achievement 3 | emotional_stability -2;No. Solo pido lo necesario. La ética médica está por encima del Excel. Si no llego al objetivo, me aguanto.;autonomy 3 | locus_control 2 | innovativeness -1;Hago campañas de prevención reales para traer pacientes sanos. Facturación ética.;innovativeness 3 | self_efficacy 1 | achievement -1;Subo precios de los privados para compensar. Ajuste de tarifa.;self_efficacy 1 | emotional_stability 2 | ambiguity_tolerance -1;;
SALUD;36;Información Incompleta;Caso raro. No sabes qué tiene el paciente. ¿Le derivas a un hospital universitario (pierdes al paciente) o pruebas tratamiento?;"Derivo. Humildad. ""No sé lo que tienes, vete al mejor"". Pierdo el dinero pero salvo al paciente. Honestidad.";emotional_stability 3 | risk_propensity -1 | self_efficacy -2;Pruebo tratamiento. Confío en mi intuición. Si acierto, soy un héroe. Riesgo clínico.;risk_propensity 2 | self_efficacy 1 | emotional_stability -1 | locus_control -2;Estudio el caso toda la noche y consulto a colegas. Intento resolverlo yo con esfuerzo extra.;innovativeness 2 | self_efficacy 1 | achievement -1;Le mando pruebas para ganar tiempo mientras pienso. Patada adelante.;innovativeness 2 | self_efficacy 1 | achievement -1;;
SALUD;37;Crisis de Reputación;Un tweet viral dice que tu sala de espera está sucia y llena. Es verdad, vas desbordado.;"Pido perdón y contrato limpieza extra ya. ""El feedback es un regalo"". Reacción rápida y humilde.";emotional_stability 3 | risk_propensity 3 | self_efficacy 1 | achievement -1 | locus_control -2;"Ignoro el tweet. ""Haters gonna hate"". No entro al trapo. Arrogancia o estoicismo.";ambiguity_tolerance 3 | risk_propensity 1 | achievement -1;Contesto explicando que estamos desbordados por la gripe. Excusa racional.;self_efficacy 1 | ambiguity_tolerance -1;Ataco al usuario diciendo que es mentira. Guerra digital suicida.;ambiguity_tolerance 1 | achievement -1;;
SALUD;38;Protocolos vs Intuición;El protocolo dice X, tu intuición dice Y. Si fallas con Y, te empapelan. Si fallas con X, estás cubierto.;Sigo el protocolo (X). Medicina defensiva. No me juego el título. Seguridad jurídica.;ambiguity_tolerance 1;Sigo mi intuición (Y). Soy médico, no burócrata. Busco lo mejor para el paciente asumiendo el riesgo personal.;risk_propensity 3 | self_efficacy 1 | emotional_stability -1 | locus_control -2;Consulto al paciente y comparto la decisión. Consentimiento informado real.;self_efficacy 2 | ambiguity_tolerance -1;Busco una tercera vía o segunda opinión para no tener que elegir solo.;self_efficacy 2 | autonomy 3 | ambiguity_tolerance -1;;
SALUD;39;Esfuerzo sin Gracias;Salvas la vida a un paciente complicado, pero la familia te pone una queja porque les hablaste mal en urgencias.;Me trago el orgullo. Pido disculpas por las formas. Entiendo que estaban nerviosos. Empatía profesional.;emotional_stability 3 | ambiguity_tolerance 2 | risk_propensity -1;"Me indigno. ""¡Le he salvado la vida!"". No acepto la queja. El fondo importa más que la forma.";emotional_stability 2 | risk_propensity -1 | autonomy 1;Les explico la situación clínica fríamente. Datos contra emociones.;ambiguity_tolerance 1;Ignoro la queja. Burocracia. A otra cosa.;ambiguity_tolerance 2 | achievement -1;;
SALUD;40;Reinvención;Ya no puedes operar (edad/vista). ¿Qué haces?;Me dedico a enseñar. Mentorizo a jóvenes. Transmito mi legado. Generosidad.;ambiguity_tolerance 1;Me dedico a la gestión. Dirijo la clínica. Poder ejecutivo. Cambio de bisturí a Excel.;self_efficacy 2 | innovativeness 2 | ambiguity_tolerance -1 | achievement -1;Me retiro del todo. Jubilación dorada. A disfrutar de la vida.;autonomy 2 | innovativeness -1 | emotional_stability 2;Intento seguir operando aunque sea peor. Negación del declive.;risk_propensity 2 | self_efficacy 1 | emotional_stability -1 | locus_control -2;;
PSICOLOGIA_SANITARIA;1;El Precio de la Ayuda;Acabas de abrir la consulta. Tienes pocos pacientes y muchos gastos. El precio de mercado es 60€/sesión, pero te da miedo que nadie venga. Un colega te sugiere tirar los precios a 30€ para llenar agenda, aunque eso te obligue a ver 8 pacientes al día y quemarte.;Pongo el precio a 30€. Necesito volumen y rodaje. Ya subiré cuando tenga lista de espera. Asumo el riesgo de atraer a un perfil de paciente menos comprometido.;locus_control 3 | emotional_stability -1;Me mantengo en 60€. Mi formación vale dinero y la terapia requiere un esfuerzo enorme. Si cobro poco, me quemaré y daré mal servicio. Prefiero pocos y buenos.;self_efficacy 2 | ambiguity_tolerance 2 | achievement -1;"Hago un sistema de ""precios escalonados"" según renta. Cobro 70€ a los que pueden y reservo 2 huecos a 20€ para casos sociales. Equilibrio ético.";emotional_stability 3 | innovativeness 2 | self_efficacy 1 | risk_propensity -1 | achievement -1;Ofrezco la primera sesión gratis como gancho comercial agresivo. Regalo mi tiempo para captar, confiando en mi capacidad de retención.;self_efficacy 2 | risk_propensity 2 | ambiguity_tolerance -1 | locus_control -2;;
PSICOLOGIA_SANITARIA;2;El Paciente Amigo;"Un amigo íntimo está pasando por una depresión grave. Te pide llorando que le trates tú porque ""eres el único en quien confía"". El código deontológico desaconseja tratar a allegados (relación dual), pero él está desesperado.";Le trato. La emergencia manda. Si le derivo, siento que le abandono. Confío en mi profesionalidad para separar roles, aunque sea caminar sobre el alambre.;emotional_stability 3 | risk_propensity 3 | self_efficacy 1 | locus_control -2 | autonomy -2;"Me niego rotundamente. ""Porque te quiero, no puedo ser tu psicólogo"". Le busco al mejor colega posible y hago seguimiento personal, no clínico.";autonomy 3 | emotional_stability 2 | locus_control 2 | innovativeness -1;"Le trato ""extraoficialmente"" sin cobrar y tomando un café, intentando hacer terapia encubierta. Un error técnico grave.";risk_propensity 2 | self_efficacy 1 | emotional_stability -1 | locus_control -2;Le digo que sí para no enfrentarme a él, pero hago una terapia muy superficial para no dañar la amistad. Parche peligroso.;risk_propensity 3 | self_efficacy 1 | emotional_stability -1 | locus_control -2;;
PSICOLOGIA_SANITARIA;3;La Llamada de las 23:00;"Un paciente con trastorno límite te escribe WhatsApps y te llama a horas intempestivas con crisis de ansiedad. Si contestas, rompes el encuadre y te conviertes en su ""salvador 24h"". Si no contestas, temes que se haga daño.";No contesto. El encuadre es terapéutico. Si es una urgencia vital, debe ir a Urgencias. Si le acostumbro a mi disponibilidad total, le incapacito. Firmeza dolorosa.;autonomy 3 | emotional_stability 2 | innovativeness -1;Contesto siempre. No puedo dormir pensando que podría suicidarse si no le cojo el teléfono. Asumo la carga de ser su guardián a costa de mi vida personal.;locus_control 3 | emotional_stability -1;"Le cobro un suplemento de ""Guardia"" muy caro. Si quiere acceso 24h, que lo pague. Pongo una barrera económica a su demanda emocional.";achievement 4 | emotional_stability -1;"Le contesto escuetamente con un mensaje tipo: ""Hablamos en la próxima sesión"". Intento contener sin rechazar del todo.";emotional_stability 2 | risk_propensity -1 | autonomy 1;;
PSICOLOGIA_SANITARIA;4;Nicho o Generalista;"Tienes que definir tu marca. ¿Te vendes como ""Psicólogo General"" (ansiedad, depresión, pareja...) para abarcar todo el mercado, o te especializas en ""Duelo Perinatal"" (nicho minúsculo pero experto)?";Me especializo en Nicho. Quiero ser el referente nacional en un solo tema. Cobraré más y trabajaré mejor, aunque al principio cueste arrancar.;achievement 4 | autonomy 3 | ambiguity_tolerance 2 | emotional_stability -1;"Soy Generalista. ""Atiendo todo lo que entra"". Tengo miedo a quedarme sin pacientes si me cierro puertas. Soy el médico de cabecera de la mente.";innovativeness 2 | self_efficacy 1 | achievement -1;Me anuncio como experto en 10 cosas diferentes en la web, aunque sea mentira que domino todas. Marketing de apariencia.;risk_propensity 2 | self_efficacy 1 | achievement 2 | emotional_stability -1 | locus_control -2;Me asocio con otros dos psicólogos de otras ramas para montar un centro de especialidades. Sinergia.;self_efficacy 2 | innovativeness 3 | achievement -1 | ambiguity_tolerance -1;;
PSICOLOGIA_SANITARIA;5;La Tentación Pseudocientífica;"Te ofrecen colaborar con un centro de ""Terapias Holísticas"" (Reiki, Flores de Bach, Constelaciones). Pagan muy bien y te derivarían muchos pacientes, pero sabes que roza la pseudociencia y mancha tu rigor clínico.";"Acepto. ""Yo hago mi psicología científica en mi despacho, lo que hagan en la sala de al lado no es mi problema"". El dinero me permite vivir.";achievement 3 | emotional_stability -2;Rechazo. La psicología es ciencia. No puedo legitimar con mi título un centro que vende humo. Mi reputación vale más que su dinero.;emotional_stability 3 | risk_propensity -1;"Acepto con la intención de ""educar"" a los pacientes que lleguen allí y atraerlos hacia la ciencia. Caballo de Troya.";risk_propensity 2 | self_efficacy 1 | emotional_stability -1 | locus_control -2;Les propongo alquilarles el espacio por horas sin vincular mi marca a la suya. Relación puramente inmobiliaria.;achievement 4 | emotional_stability -1;;
PSICOLOGIA_SANITARIA;6;El Paciente que No Paga;Un paciente con el que llevas un año de terapia y has avanzado mucho pierde su trabajo. No puede pagarte más. Si cortas la terapia, puede recaer gravemente. Si sigues gratis, trabajas por amor al arte.;Sigo gratis o con tarifa simbólica temporalmente. El vínculo terapéutico y su salud están por encima del dinero. Es mi cuota pro-bono anual.;emotional_stability 3 | risk_propensity -1 | autonomy 1;Corto la terapia o le derivo a la Seguridad Social. Esto es un negocio, no una ONG. Si no hay pago, no hay servicio profesional. Límites claros.;autonomy 3 | achievement 4 | locus_control 2 | innovativeness -1;"Acumulo la deuda. ""Ya me pagarás cuando encuentres trabajo"". Fío mi trabajo confiando en su honestidad futura. Riesgo de impago total.";ambiguity_tolerance 3 | risk_propensity 2 | self_efficacy 1 | achievement -1 | locus_control -2;Espaciamos las sesiones a una al mes para que pueda pagarlas. Mantenimiento de mínimos para no abandonarle.;self_efficacy 2 | innovativeness 2 | ambiguity_tolerance -1 | achievement -1;;
PSICOLOGIA_SANITARIA;7;Psicólogo de Instagram;"Ves que compañeros mediocres se forran haciendo vídeos de baile en TikTok dando consejos simplistas (""3 tips para curar tu depresión""). Tú escribes artículos serios que nadie lee.";"Me paso al show. Empiezo a hacer Reels simplificando mensajes. ""Si no puedes con el algoritmo, únete"". La divulgación exige adaptación.";innovativeness 3 | self_efficacy 1 | achievement -1;Me niego. La salud mental no es un baile de 15 segundos. Mantengo mi rigor aunque sea invisible. Prefiero prestigio académico a likes.;emotional_stability 3 | risk_propensity -1 | autonomy 1;Contrato a una agencia para que me lleve las redes. Quiero los resultados del marketing pero me da vergüenza hacerlo yo.;self_efficacy 2 | risk_propensity 2 | ambiguity_tolerance -1 | locus_control -2;"Me dedico a criticar a los ""psico-influencers"" en mis redes. Creo marca desde la confrontación y el purismo.";ambiguity_tolerance 1 | achievement -1;;
PSICOLOGIA_SANITARIA;8;El Informe Judicial;Un paciente en proceso de divorcio te pide un informe psicológico para usarlo contra su ex-pareja y ganar la custodia. Te ofrece pagar el triple por el informe. Tú eres su terapeuta, no un perito forense.;Me niego. Mi rol es clínico (curar), no forense (juzgar). Si hago ese informe, rompo la alianza terapéutica y me meto en una guerra legal.;emotional_stability 3 | risk_propensity -1;Hago el informe. El cliente lo pide y paga bien. Además, creo que tiene razón y quiero ayudarle a proteger a sus hijos. Me implico.;risk_propensity 2 | self_efficacy 1 | emotional_stability -1 | locus_control -2;Le derivo a un psicólogo forense experto. Separo roles para proteger el tratamiento. No pierdo al paciente ni me mancho.;ambiguity_tolerance 1;"Hago un ""informe de evolución"" aséptico que no sirve para mucho en el juicio, para cobrar sin mojarme demasiado.";ambiguity_tolerance 1 | achievement -1;;
PSICOLOGIA_SANITARIA;9;Cobrar por Adelantado;Tienes un 20% de cancelaciones de última hora (No-Show). Pierdes dinero y horas. Te planteas cobrar las sesiones por adelantado o multar si no avisan con 24h.;Cobro por adelantado/política de cancelación estricta. Mi tiempo es dinero. Educo al paciente en el compromiso a través del bolsillo.;emotional_stability 3 | achievement 4 | risk_propensity 2 | self_efficacy 1 | innovativeness -1 | locus_control -2;No cobro. Me da miedo que los pacientes se enfaden y no vuelvan. Asumo las cancelaciones como gajes del oficio. Inseguridad.;locus_control 3 | emotional_stability -1;Les llamo yo el día antes para confirmar. Pongo trabajo administrativo extra para asegurar la asistencia. Control.;ambiguity_tolerance 1;Sobresaturo la agenda (doy más citas de las que caben) asumiendo que alguien fallará. Si vienen todos, reduzco el tiempo de sesión.;risk_propensity 3 | self_efficacy 1 | emotional_stability -1 | locus_control -2;;
PSICOLOGIA_SANITARIA;10;La Supervisión;Llevas casos muy duros (abusos, suicidios) y te los estás llevando a casa. No duermes. Deberías pagar a un supervisor (mentor) para descargar, pero cuesta dinero.;Pago la supervisión. Es higiene mental obligatoria. Si yo me rompo, no sirvo. Invierto en mi salud para ser mejor profesional.;emotional_stability 3 | risk_propensity 2 | self_efficacy 1 | locus_control -2 | achievement -1;"No pago. ""Ya sé yo gestionarme"". Ahorro ese dinero y me aguanto la ansiedad. Creo que soy invulnerable.";ambiguity_tolerance 1;"Quedo con compañeros para hacer ""intervisión"" (supervisión entre iguales) gratis con cervezas. Apoyo mutuo informal.";innovativeness 3 | self_efficacy 1 | achievement -1;"Dejo de coger casos duros. Me especializo en ""crecimiento personal"" y problemas leves para vivir tranquilo.";achievement 4 | emotional_stability 2 | risk_propensity -1;;
PSICOLOGIA_SANITARIA;11;Aseguradoras Médicas;Las aseguradoras te pagan una miseria (12€/sesión) y pagan a 90 días. Pero te llenan la agenda de pacientes sin esfuerzo comercial. ¿Entras en el cuadro médico?;Entro. Necesito volumen para empezar. Haré sesiones de 20 minutos para que sea rentable. Medicina de batalla.;achievement 4 | emotional_stability -1;No entro. Mi trabajo vale más que 12€. Prefiero ver a 3 pacientes privados que a 20 de seguro. Dignidad y calidad.;autonomy 3 | risk_propensity 2 | self_efficacy 1 | innovativeness -1 | locus_control -2;Entro para captar pacientes y luego intento pasarles a consulta privada cobrando la diferencia. Embudo de ventas.;innovativeness 3 | self_efficacy 1 | achievement -1;Mantengo un cupo limitado de seguros (ej: 20%) para cubrir costes fijos y el resto privado. Diversificación.;emotional_stability 3 | risk_propensity -1 | autonomy 1;;
PSICOLOGIA_SANITARIA;12;El Caso que te Supera;Te llega un paciente con un trastorno grave que no sabes tratar bien (ej: TCA severo). Necesita ayuda, pero si le derivas, pierdes los ingresos de un tratamiento largo.;Le derivo a un especialista. La honestidad y la salud del paciente van primero. Reconozco mis límites éticamente.;emotional_stability 3 | risk_propensity -1 | autonomy 1;"Me lo quedo y estudio como un loco por las noches. ""Fake it till you make it"". Necesito el dinero y confío en mi capacidad de aprender.";achievement 4 | risk_propensity 2 | self_efficacy 1 | emotional_stability -1 | locus_control -2;Me lo quedo y hago terapia de acompañamiento genérica, sabiendo que no le voy a curar pero le aliviaré. Mantenimiento rentado.;achievement 3 | emotional_stability -1;Le propongo co-terapia con un experto externo, compartiendo honorarios. Aprendo y no pierdo al paciente.;self_efficacy 2 | innovativeness 2 | ambiguity_tolerance -1 | achievement -1;;
PSICOLOGIA_SANITARIA;13;Subir Precios a Antiguos;Llevas 5 años sin subir precios. Los pacientes antiguos pagan 40€ y los nuevos 70€. Sientes que estás perdiendo dinero con tus clientes más fieles.;Subo precios a todos. Envío una carta empática explicando la situación. El que valora mi trabajo, se quedará. Negocio es negocio.;self_efficacy 2 | achievement 4 | emotional_stability 2 | risk_propensity 2 | ambiguity_tolerance -1 | locus_control -2;Mantengo el precio antiguo a los viejos por lealtad. Asumo esa pérdida como premio a su fidelidad. Gestión sentimental.;locus_control 3 | emotional_stability -1;Les subo solo un poco (IPC) para que no se enfaden. Solución tibia que no arregla el desfase pero calma mi conciencia.;autonomy 2 | innovativeness -1 | emotional_stability 2;Les digo que voy a cerrar la consulta (mentira) para que se vayan y dejar hueco a los nuevos de 70€. Renovación forzada.;achievement 2 | emotional_stability -1;;
PSICOLOGIA_SANITARIA;14;Alquilar Despacho o Online;El alquiler de un despacho bonito en el centro es carísimo. Puedes pasar a terapia 100% online y trabajar desde casa, ahorrando 1000€/mes, pero pierdes el contacto humano.;Me paso al online 100%. El mundo ha cambiado. Ahorro costes y puedo atender a gente de todo el mundo. Eficiencia digital.;achievement 4 | autonomy 2 | emotional_stability -1;Mantengo el despacho físico. La terapia es presencia. El clima que se crea en la sala no existe en Zoom. Invierto en calidad.;emotional_stability 3 | risk_propensity -1 | autonomy 1;Subarriendo el despacho por horas a otros compañeros para cubrir gastos. Economía colaborativa de supervivencia.;innovativeness 3 | self_efficacy 1 | achievement -1;Hago un híbrido: despacho 2 días intensivos y 3 días online. Optimizo la presencialidad.;emotional_stability 3 | innovativeness 2 | self_efficacy 1 | risk_propensity -1 | achievement -1;;
PSICOLOGIA_SANITARIA;15;"El """"Coach"""" Intruso";"Un ""Coach de Vida"" sin titulación de psicología abre consulta al lado y te quita clientes prometiendo ""resultados rápidos y felicidad"". Tú prometes trabajo duro y realidad.";Le denuncio al Colegio de Psicólogos por intrusismo sanitario. Defiendo mi profesión y la salud pública con la ley en la mano.;emotional_stability 3 | risk_propensity -1;Me diferencio por rigor. Educo a mi audiencia sobre los peligros del coaching salvaje. Mi marca es la ciencia y la seguridad.;ambiguity_tolerance 3 | achievement -1;"Incorporo técnicas de coaching a mi terapia para ser más atractivo comercialmente. ""Si no puedes con ellos, únete"".";innovativeness 3 | self_efficacy 1 | achievement -1;Le ignoro. Sus clientes rebotados vendrán a mí cuando vean que no funciona. El tiempo pone a cada uno en su lugar.;self_efficacy 1 | ambiguity_tolerance 1 | achievement -1;;
PSICOLOGIA_SANITARIA;16;Vender Datos para IA;Una startup tecnológica te ofrece comprar grabaciones de tus sesiones (anonimizadas) para entrenar una IA de terapia. Pagan muy bien. Legalmente es zona gris, éticamente dudoso.;Vendo. Es el futuro. Si los datos son anónimos, no daño a nadie y financio mi consulta. Contribuyo al avance tecnológico.;achievement 4 | risk_propensity 2 | self_efficacy 1 | locus_control -2 | emotional_stability -2;Jamás. La intimidad de la sesión es sagrada. No voy a convertir el dolor de mis pacientes en alimento para robots. Principios.;emotional_stability 3 | ambiguity_tolerance 2 | risk_propensity -1 | autonomy 1;Vendo solo datos estadísticos, no conversaciones. Busco un punto medio para sacar dinero sin vender el alma.;self_efficacy 2 | autonomy 1 | ambiguity_tolerance -1;Les pido permiso a los pacientes ofreciéndoles un descuento a cambio. Transparencia transaccional.;emotional_stability 3 | achievement 3 | risk_propensity 1 | innovativeness -1;;
PSICOLOGIA_SANITARIA;17;El Límite del Burnout;"Sientes que odias a tus pacientes. Te aburren sus problemas. Estás ""quemado"". Pero tienes hipoteca y no puedes parar de facturar.";Me tomo una baja o reduzco agenda a la mitad. Si sigo así, cometeré una negligencia. La ética me obliga a parar. Salud primero.;locus_control 3 | emotional_stability 3 | achievement -1;"Sigo trabajando en ""piloto automático"". Asiento con la cabeza, cobro y no me implico. Supervivencia disociada.";autonomy 2 | innovativeness -1 | emotional_stability 2;"Voy a mi propio terapeuta para que me ""repare"" y poder seguir en la trinchera. Mantenimiento de la herramienta.";emotional_stability 3 | ambiguity_tolerance 2 | risk_propensity -1;Subo precios para ver a menos gente y ganar lo mismo. Filtro a los pacientes más pesados.;innovativeness 2 | self_efficacy 1 | achievement -1;;
PSICOLOGIA_SANITARIA;18;Escribir el Libro;"Una editorial te propone escribir un libro de autoayuda. Quieren algo ""fácil, comercial y con fórmulas mágicas"". Tú eres un académico serio.";Lo escribo. Es la mejor tarjeta de visita. Aunque sea simplista, me traerá pacientes y fama. El rigor no vende libros.;achievement 4 | emotional_stability -1;Lo rechazo. No voy a firmar basura pop-psychology. Mi nombre académico se respeta. Prefiero ser un desconocido respetado.;emotional_stability 3 | risk_propensity -1;Lo escribo pero intento colar ciencia de contrabando entre las fórmulas mágicas. Intento dignificar el género desde dentro.;emotional_stability 3 | risk_propensity -1;Me autoedito mi propio libro serio y técnico, aunque solo lo lean 100 personas. Satisfacción personal.;autonomy 3 | achievement 2 | innovativeness -1;;
PSICOLOGIA_SANITARIA;19;Contratar a Otro Psicólogo;Estás desbordado. Quieres contratar a alguien. ¿Le haces un contrato laboral (caro y riesgoso para ti) o le obligas a ser falso autónomo a comisión (ilegal pero barato)?;Contrato laboral. Hago las cosas bien. Quiero construir un equipo sólido y legal. Asumo el riesgo empresarial por mis valores.;locus_control 3 | self_efficacy 1 | emotional_stability -1;Falso autónomo (colaborador). Le paso pacientes y nos repartimos el dinero (70/30). Es como funciona el sector. No puedo pagar fijos.;autonomy 3 | innovativeness 2 | self_efficacy 1 | achievement -1;Le alquilo el despacho y que se busque él la vida. No quiero ser jefe ni tener responsabilidades sobre nadie.;autonomy 3 | locus_control -2;Le contrato a media jornada para probar y el resto en negro. Chapuza española de gestión.;innovativeness 3 | self_efficacy 1 | achievement -1;;
PSICOLOGIA_SANITARIA;20;El Paciente Enamorado;Un paciente se te declara en sesión. Se ha producido una transferencia erótica fuerte. Te sientes halagado pero sabes el peligro.;Derivo al paciente a otro colega inmediatamente. La terapia se ha roto y no se puede recuperar. Priorizo su salud y mi ética.;emotional_stability 3 | autonomy 3 | locus_control 2 | risk_propensity -1;"Intento trabajar eso en terapia. ""Es parte del proceso"". Creo que puedo manejarlo (o mi ego cree que puede). Riesgo de lío.";risk_propensity 2 | self_efficacy 1 | emotional_stability -1 | locus_control -2;Me aprovecho de la situación (sexual o emocionalmente). Abuso de poder imperdonable. El fin de mi carrera si se sabe.;ambiguity_tolerance 1;Le sigo la corriente suavemente para no herirle, sin hacer nada, esperando que se le pase. Ambigüedad tóxica.;ambiguity_tolerance 1 | achievement -1;;
PSICOLOGIA_SANITARIA;21;Facturar sin IVA;"Un paciente te pide no pagar IVA (o que no le hagas factura). ""Así nos ahorramos dinero los dos"". Es dinero limpio al bolsillo.";"Acepto. ""Hacienda nos roba"". Es una práctica común y me subo el sueldo neto. Riesgo fiscal asumido.";risk_propensity 2 | self_efficacy 1 | locus_control -2 | emotional_stability -2;Me niego. Todo legal. Quiero dormir tranquilo y contribuir. Además, la psicoterapia sanitaria está exenta de IVA (si es el caso), le explico la ley.;emotional_stability 3 | risk_propensity -1 | autonomy 1;Le digo que sin factura no hay responsabilidad civil. Si acepta el riesgo, lo hago. Transacción oscura.;achievement 3 | locus_control 2 | emotional_stability -1;Le hago un descuento oficial si tiene problemas económicos, pero con factura. Ayuda legal.;emotional_stability 2 | achievement -1 | self_efficacy -2;;
PSICOLOGIA_SANITARIA;22;El Informe de Invalidez;Un paciente te pide un informe exagerando sus síntomas para conseguir una baja permanente o una paga. Si lo haces, le arreglas la vida económica. Si no, se enfada.;Me niego a mentir. Mi firma es mi honor. Reflejo la realidad clínica, le guste o no. No soy cómplice de fraude a la seguridad social.;emotional_stability 2 | risk_propensity -1 | autonomy 1;"Lo hago. El sistema es injusto y esta persona sufre. Le ayudo a ""hackear"" el sistema exagerando un poco. Justicia social robinhoodiana.";emotional_stability 3 | risk_propensity 2 | self_efficacy 1 | achievement -1 | locus_control -2;"Lo hago muy ambiguo (""refiere síntomas compatibles con..."") para que decida el tribunal y yo no me moje. Nadar y guardar la ropa.";ambiguity_tolerance 1;"Le derivo a un ""perito mercenario"" que sé que firma cualquier cosa por dinero. Me quito el problema moral.";ambiguity_tolerance 1 | achievement -1;;
PSICOLOGIA_SANITARIA;23;Expandir el Centro;Te va bien. ¿Alquilas un piso más grande, contratas a 5 psicólogos y te conviertes en empresario-gestor, dejando de ver pacientes?;Monto el centro. Quiero escalar y ganar dinero del trabajo de otros. Mi ambición es empresarial, no solo clínica. Dejo la silla.;autonomy 3 | risk_propensity 2 | self_efficacy 1 | innovativeness -1 | locus_control -2;Me quedo pequeño. Me gusta ver pacientes, no gestionar nóminas ni líos. Prefiero ganar menos pero hacer lo que amo. Artesano.;ambiguity_tolerance 1;Monto el centro pero sigo viendo pacientes. Intento hacerlo todo y acabo con estrés crónico. El hombre orquesta.;achievement 4 | emotional_stability -1;Creo una red de colaboradores online sin local físico. Escalo sin costes fijos. Modelo Uber.;achievement 3 | innovativeness 1 | emotional_stability -1;;
PSICOLOGIA_SANITARIA;24;Suicidio de un Paciente;Un paciente se suicida. Estás destrozado. Te cuestionas tu valía y tienes miedo de una demanda de la familia.;Pido ayuda legal y psicológica para mí. Reviso el caso con humildad para aprender, pero acepto que no soy Dios. Resiliencia dolorosa.;ambiguity_tolerance 3 | emotional_stability 3 | innovativeness 2 | self_efficacy 1 | achievement -1;Me hundo y cierro la consulta un tiempo. No puedo soportar la culpa. Siento que he fallado en mi misión única.;ambiguity_tolerance 1;"Me pongo a la defensiva. ""Hice todo bien, fue su decisión"". Me blindo legal y emocionalmente. Frialdad protectora.";ambiguity_tolerance 1;Voy al funeral y hablo con la familia. Me arriesgo a su ira para ofrecer consuelo y cerrar el duelo. Humanidad extrema.;risk_propensity 3 | emotional_stability 3 | self_efficacy 1 | achievement -1 | locus_control -2;;
PSICOLOGIA_SANITARIA;25;Terapia de Grupo;Para ganar más dinero, quieres meter a tus pacientes individuales en grupos. Es más rentable (10 personas x 20€ = 200€/h vs 60€/h). ¿Fuerzas el cambio?;Monto grupos. Es bueno para ellos (apoyo social) y genial para mi bolsillo. Vendo las bondades del grupo con convicción.;achievement 4 | self_efficacy 1 | emotional_stability -1;Sigo individual. Cada caso es único y el grupo diluye la atención. No quiero convertir mi clínica en una fábrica. Calidad.;autonomy 2 | innovativeness -1 | emotional_stability 2;Ofrezco el grupo como complemento opcional barato. Diversifico productos sin forzar.;innovativeness 3 | emotional_stability 3 | self_efficacy 1 | achievement -1;Mezclo pacientes que no deberían estar juntos solo para llenar el grupo. Irresponsabilidad clínica por llenar aforo.;locus_control 2 | autonomy -2;;
PSICOLOGIA_SANITARIA;26;El Paciente Famoso;Un famoso (político/actor) viene a tu consulta. Te pide discreción absoluta. Si se supiera que le tratas, tu caché subiría como la espuma.;Guardo el secreto hasta la tumba. La confidencialidad es la base de todo. Ni siquiera se lo cuento a mi pareja. Profesionalidad de hierro.;emotional_stability 3 | risk_propensity -1;"Le cuento a mi entorno cercano ""adivina quién ha venido"". El chisme me puede. Riesgo de filtración enorme.";risk_propensity 2 | self_efficacy 1 | emotional_stability -1 | locus_control -2;Le pido (sutilmente) si me puede recomendar o hacerse una foto conmigo. Intento monetizar su fama rompiendo el encuadre.;emotional_stability -2;Le trato con miedo y reverencia, perdiendo mi autoridad terapéutica. Soy un fan, no su psicólogo.;ambiguity_tolerance 1 | achievement -1;;
PSICOLOGIA_SANITARIA;27;Formación Continua;Salen técnicas nuevas cada año. Un máster cuesta 4.000€. ¿Lo haces o tiras con lo que sabes de la carrera?;Hago el máster. Hay que reciclarse siempre. La ciencia avanza y yo debo ofrecer lo mejor. Inversión constante.;innovativeness 3 | risk_propensity 2 | self_efficacy 1 | achievement -1 | locus_control -2;"No lo hago. ""Ya sé suficiente"". La experiencia vale más que los títulos. Ahorro dinero y sigo con mi librillo.";ambiguity_tolerance 1;Leo libros y papers por mi cuenta. Soy autodidacta. No pago títulos, consumo conocimiento puro.;achievement 3 | autonomy 2 | emotional_stability -1;"Hago cursos de fin de semana baratos para tener el diploma colgado en la pared. ""Titulitis"" cosmética.";ambiguity_tolerance 1 | achievement -1;;
PSICOLOGIA_SANITARIA;28;Vacaciones del Terapeuta;"Te vas 1 mes de vacaciones. ¿Dejas a tus pacientes graves ""solos"" o les das un contacto de emergencia?";Les dejo un contacto de un colega de confianza para urgencias. Soy responsable pero tengo derecho a desconectar. Delegación.;locus_control 3 | emotional_stability 3 | self_efficacy 1 | achievement -1;"No les doy nada. ""Nos vemos en septiembre"". Fomento su autonomía (o les abandono, según se mire). Riesgo.";autonomy 3 | risk_propensity 2 | self_efficacy 1 | innovativeness -1 | locus_control -2;Me llevo el móvil y les atiendo desde la playa si hay crisis. No desconecto nunca. Esclavitud vocacional.;ambiguity_tolerance 1;Les dejo grabaciones o tareas para el verano. Terapia en conserva. Creatividad para cubrir el hueco.;innovativeness 3 | self_efficacy 1 | achievement -1;;
PSICOLOGIA_SANITARIA;29;El Regalo Caro;Un paciente muy agradecido te regala un reloj de 500€ al terminar la terapia. ¿Lo aceptas?;"No lo acepto. ""El mejor regalo es tu alta"". Aceptar regalos caros enturbia la relación. Mantengo la asimetría profesional.";autonomy 3 | emotional_stability 2 | innovativeness -1;Lo acepto. Es una muestra de gratitud legítima. ¿Por qué ofenderle rechazándolo? Me lo merezco.;innovativeness 2 | self_efficacy 1 | achievement -1;Lo acepto pero lo dono o lo pongo en la sala de espera (si es decorativo). Lo socializo para no quedármelo yo.;innovativeness 2 | self_efficacy 1 | emotional_stability 1 | achievement -1;Le digo que lo devuelva y gastamos ese dinero en una sesión extra de cierre. Reconduzco el gesto a lo clínico.;innovativeness 2 | self_efficacy 1 | achievement -1;;
PSICOLOGIA_SANITARIA;30;Retiro de Silencio;Estás saturado de palabras. Te planteas cerrar la consulta una semana para irte a un retiro de silencio. Pierdes dinero.;Me voy. La mente del terapeuta es su herramienta. Si no la afilo, corto mal. Inversión en calidad futura.;emotional_stability 3 | innovativeness 2 | self_efficacy 1 | risk_propensity -1 | achievement -1;No me voy. No puedo permitirme perder una semana de facturación. Aguanto y me tomo un valium. Visión cortoplacista.;achievement 3 | ambiguity_tolerance 1 | emotional_stability -1;"Hago ""micro-retiros"" de fin de semana. Intento equilibrar sin cerrar el negocio. Solución intermedia.";emotional_stability 3 | achievement 3 | risk_propensity -1;"Me llevo a un grupo de pacientes al retiro y lo cobro como ""Taller intensivo"". Convierto mi necesidad en producto.";innovativeness 3 | self_efficacy 1 | achievement -1 | emotional_stability -1;;
PSICOLOGIA_SANITARIA;31;Crítica en Google;"Un paciente enfadado pone: ""Es un pesetero y no me ayudó nada"". Tienes 5 estrellas y esa de 1 estrella te duele.";"Respondo con educación y protección de datos, sin entrar al trapo. ""Siento que tengas esa percepción"". Elegancia pública.";emotional_stability 3 | ambiguity_tolerance 2 | risk_propensity -1;Intento borrarla o denunciarla a Google obsesivamente. No tolero la mancha en mi expediente. Perfeccionismo herido.;ambiguity_tolerance 1;Le llamo para abroncarle o pedirle explicaciones. Pierdo los papeles en privado. Reactividad.;ambiguity_tolerance 1;Pido a 10 amigos que pongan reseñas positivas falsas para bajar esa. Manipulación del sistema.;ambiguity_tolerance 1 | achievement -1;;
PSICOLOGIA_SANITARIA;32;El Paciente Político;Viene a consulta un político de un partido que odias. Sus valores chocan con los tuyos. ¿Le tratas?;Le trato. Mi consulta es un espacio neutral. Mi profesionalidad está por encima de mi ideología. Reto personal.;innovativeness 2 | self_efficacy 1 | achievement -1;Le derivo. No voy a ser objetivo y le voy a juzgar. Soy honesto con mis limitaciones. Objeción de conciencia.;emotional_stability 3 | locus_control 3 | risk_propensity -1;"Le trato para intentar ""cambiarle"" sutilmente. Uso la terapia como herramienta política encubierta. Ética dudosa.";risk_propensity 2 | self_efficacy 1 | emotional_stability -1 | locus_control -2;"Le cobro el doble ""tasa ideológica"". Si quiere mis servicios, que pague mi disgusto.";ambiguity_tolerance 1 | achievement -1;;
PSICOLOGIA_SANITARIA;33;Vender la Base de Datos;"Te jubilas. Tienes miles de fichas de pacientes. Una clínica joven te ofrece comprarte la ""cartera de clientes"". ¿Vendes los expedientes?";No vendo. Los pacientes no son mercancía. Destruyo los expedientes o los custodio legalmente. Cierro con ética.;emotional_stability 3 | risk_propensity -1;"Vendo. Es mi jubilación. ""Traspaso de negocio"". Les pido a los pacientes que firmen el consentimiento, pero cobro.";achievement 4 | emotional_stability -1;Regalo los expedientes a un colega de mucha confianza para que les cuide. Continuidad asistencial sin lucro.;ambiguity_tolerance 2 | achievement -1;Vendo los datos anonimizados para investigación. Intento sacar dinero sin vender personas. Zona gris.;achievement 3 | risk_propensity 1 | emotional_stability -1;;
PSICOLOGIA_SANITARIA;34;Familia en Terapia;"Tratas a un niño. Los padres se están divorciando y te intentan manipular para que te pongas de su lado. ""Dile al juez que la madre está loca"".";Mantengo la neutralidad absoluta. El paciente es el niño. Me niego a hablar con los abogados. Protejo al menor.;emotional_stability 3 | achievement 4 | autonomy 2 | risk_propensity 2 | self_efficacy 1 | innovativeness -1 | locus_control -2;Me pongo del lado del padre/madre que me cae mejor o me paga. Pierdo la objetividad. Alianza tóxica.;risk_propensity 2 | self_efficacy 1 | emotional_stability -1 | locus_control -2;"Abandono el caso. ""Esto es un avispero"". Les derivo a servicios sociales. Me quito de en medio.";ambiguity_tolerance 1;Hago mediación familiar cobrando extra. Intento arreglar el divorcio yo. Me meto en camisa de once varas.;risk_propensity 3 | self_efficacy 1 | achievement 2 | emotional_stability -1 | locus_control -2;;
PSICOLOGIA_SANITARIA;35;La Consulta en Casa;Atiendes en una habitación de tu casa para ahorrar. Un paciente se cruza con tus hijos en el pasillo o huele tu comida. Pierdes privacidad.;Alquilo despacho fuera ya. Necesito separar mi vida íntima de la locura de mis pacientes. Salud mental espacial.;autonomy 3 | risk_propensity 3 | self_efficacy 1 | innovativeness -1 | locus_control -2;Sigo en casa. Pongo normas estrictas (no salir al pasillo). Ahorrar es la prioridad. Sacrificio familiar.;achievement 4 | emotional_stability -1;Hago una entrada independiente con obras. Invierto en mi casa para profesionalizarla. Solución arquitectónica.;autonomy 3 | risk_propensity 2 | self_efficacy 1 | emotional_stability 1 | innovativeness -1 | locus_control -2;Me voy a un coworking por horas solo para las visitas. Solución nómada y barata.;autonomy 3 | innovativeness -1 | emotional_stability 2;;
PSICOLOGIA_SANITARIA;36;El Paciente que se Enamora de Ti;Notas que un paciente te mira con ojos de amor. Te halaga el ego.;"Abordo el tema en sesión (""¿Qué sientes hacia mí?""). Uso la transferencia para trabajar sus carencias. Técnica pura.";risk_propensity 3 | self_efficacy 1 | emotional_stability -1 | locus_control -2;Me hago el tonto. Ignoro las señales para no tener esa conversación incómoda. Evitación.;ambiguity_tolerance 1;Le sigo el juego sutilmente para que no deje de venir. Fidelización por seducción. Manipulación emocional.;risk_propensity 2 | self_efficacy 1 | locus_control -2 | emotional_stability -2;Derivo. Me da miedo o me gusta demasiado. No puedo gestionarlo.;emotional_stability 3 | risk_propensity -1 | autonomy 1;;
PSICOLOGIA_SANITARIA;37;Diagnóstico de Moda;Todos los adolescentes vienen diciendo que son TDAH o Autistas porque lo han visto en TikTok. Quieren que se lo confirmes.;Les evalúo rigurosamente. Si no lo son, se lo digo, aunque se enfaden. Desmonto el autodiagnóstico con ciencia.;ambiguity_tolerance 1;Les digo que sí a todo. Si quieren la etiqueta, se la doy. Cliente feliz, caja llena. Medicina a la carta.;achievement 3 | emotional_stability -2;"Trabajo el síntoma sin poner etiquetas. ""Da igual cómo se llame, vamos a ver qué te pasa"". Enfoque funcional.";achievement 4 | emotional_stability -1;Hago vídeos en TikTok explicando qué es el TDAH de verdad. Lucho contra la desinformación en su terreno.;ambiguity_tolerance 1 | achievement -1;;
PSICOLOGIA_SANITARIA;38;Medicamento vs Terapia;Un paciente quiere pastillas para no sufrir. Tú crees que necesita hablar y sentir el dolor para curarse.;Le explico que la pastilla tapa, no cura. Defiendo la terapia. Si quiere drogas, que vaya al psiquiatra. Pedagogía.;emotional_stability 2 | risk_propensity -1 | autonomy 1;Le derivo al psiquiatra amigo para que le medique y yo le hago la terapia. Trabajo en equipo. Abordaje dual.;self_efficacy 2 | achievement 4 | emotional_stability 2 | ambiguity_tolerance -1;Le digo lo que quiere oír pero no le ayudo a conseguir la receta. Le retengo en terapia mareando la perdiz.;ambiguity_tolerance 1;"Me rindo. ""Si no quieres trabajar, no puedo ayudarte"". Le invito a irse. Selección de paciente.";autonomy 3 | emotional_stability 3 | innovativeness -1 | self_efficacy -2;;
PSICOLOGIA_SANITARIA;39;Crisis Económica;Llega una crisis. La gente se quita primero del psicólogo. Tu agenda se vacía un 40%.;"Creo grupos de terapia más baratos. ""Democratizo"" el servicio para adaptarme al bolsillo de la crisis. Innovación en producto.";ambiguity_tolerance 2 | achievement -1;"Mantengo precios y calidad. ""El lujo resiste las crisis"". Me enfoco en el cliente de alto poder adquisitivo. Nicho rico.";innovativeness 3 | risk_propensity 2 | self_efficacy 1 | achievement -1 | locus_control -2;Busco trabajo de otra cosa para complementar. Diversificación de ingresos. Humildad.;innovativeness 3 | locus_control 2 | self_efficacy 1 | achievement -1;Me quejo y bajo los brazos. Espero que pase la tormenta consumiendo ahorros. Pasividad.;ambiguity_tolerance 1 | achievement -1;;
PSICOLOGIA_SANITARIA;40;El Legado del Terapeuta;Te jubilas. Miras atrás a los miles de horas escuchando dolor. ¿Qué sientes?;Paz. He aliviado sufrimiento. He sido un testigo útil. Mi vida ha tenido sentido. Plenitud vocacional.;ambiguity_tolerance 1;Cansancio. He cargado con demasiada basura ajena. Estoy agotado y vacío. El precio ha sido alto.;locus_control 2 | emotional_stability -1;Orgullo. He construido una clínica y un nombre. He tenido éxito profesional. Logro.;achievement 4 | emotional_stability -1;Duda. ¿De verdad he curado a alguien o solo me han pagado por escuchar? Incertidumbre final.;autonomy 2 | innovativeness -1;;
PSICOLOGÍA_NO_SANITARIA;1;El Despido Disfrazado;"Trabajas en RRHH. El CEO te pide que diseñes un ""Plan de Mejora de Rendimiento"" para una empleada que acaba de ser madre y ha pedido reducción de jornada. El objetivo real no es que mejore, sino construir un caso legal para despedirla barato en 3 meses. Sabes que es acoso inmobiliario.";Diseño el plan trampa. Mi trabajo es proteger los intereses de la empresa y ejecutar las órdenes de dirección. Si no lo hago yo, lo hará otro.;achievement 4 | emotional_stability -3;Me niego rotundamente. Es ilegal y amoral. Le digo al CEO que si quiere despedirla, pague la improcedencia, pero yo no participo en el acoso.;emotional_stability 3 | risk_propensity 3 | self_efficacy 1 | achievement -1 | locus_control -2;Diseño un plan de mejora REAL y objetivo, dándole una oportunidad genuina a la empleada, aunque el CEO se enfade si ella lo supera.;emotional_stability 3 | innovativeness 2 | self_efficacy 1 | ambiguity_tolerance 1 | risk_propensity -1 | achievement -1;Aviso confidencialmente a la empleada de lo que se le viene encima para que se busque un abogado. Saboteo el plan desde dentro.;autonomy 3 | emotional_stability 3 | risk_propensity 3 | self_efficacy 1 | innovativeness -1 | locus_control -2;;
PSICOLOGÍA_NO_SANITARIA;2;El Atleta Lesionado;"Eres psicólogo deportivo de un club de fútbol. La estrella del equipo tiene miedo a recaer de una lesión (kinesiofobia), pero físicamente está apto. Es la final de liga. El entrenador te exige que ""le quites el miedo"" para que juegue el domingo sí o sí.";Le hago una intervención de choque (activación alta) para que juegue, aunque se rompa. Mi sueldo depende de que el equipo gane. El deporte de élite no es salud.;achievement 3 | emotional_stability -2;Recomiendo que no juegue. El miedo es un mecanismo de defensa. Si juega con miedo, se lesionará. Priorizo a la persona sobre el trofeo.;self_efficacy 2 | emotional_stability 2 | ambiguity_tolerance -1;"Le enseño técnicas de disociación para que ""no sienta"" el miedo durante 90 minutos. Un parche psicológico peligroso pero eficaz.";achievement 3 | risk_propensity 2 | self_efficacy 1 | emotional_stability -1 | locus_control -2;Negocio con el entrenador que juegue solo 20 minutos. Intento mediar entre la salud mental y la presión competitiva.;self_efficacy 2 | autonomy 2 | ambiguity_tolerance -1;;
PSICOLOGÍA_NO_SANITARIA;3;El Acosador Escolar;"Eres psicólogo educativo. Un alumno popular (hijo de un donante importante del colegio) está haciendo bullying a otro. La dirección del colegio te pide que ""medies"" y suavices el tema para no expulsar al agresor y perder la donación.";"Suavizo el informe. Lo trato como ""conflicto entre iguales"" en vez de acoso. Protejo la economía del colegio y mi puesto.";emotional_stability -2;Hago un informe de acoso severo y recomiendo expulsión inmediata. La seguridad de la víctima está por encima del dinero del donante.;emotional_stability 3 | risk_propensity 3 | self_efficacy 1 | achievement -1 | locus_control -2;Trabajo con el agresor en secreto para que pare, amenazándole con denunciarle yo mismo si sigue. Intervención en la sombra.;risk_propensity 3 | innovativeness 2 | self_efficacy 1 | emotional_stability -1 | achievement -1 | locus_control -2;Me doy de baja por estrés o derivo el caso a inspección educativa anónimamente. Me lavo las manos del conflicto político.;emotional_stability 3 | risk_propensity -1 | autonomy 1;;
PSICOLOGÍA_NO_SANITARIA;4;Selección de Personal Sesgada;"Tienes que seleccionar a un Directivo. El mejor candidato es una mujer de 38 años. El cliente (empresa) te dice ""off the record"" que prefieren a un hombre porque ""a esa edad se quedan embarazadas"". Si presentas a la mujer, la rechazarán y quedarás mal.";Presento solo hombres. El cliente paga y manda. Mi trabajo es darles lo que quieren, no educarles en igualdad. Pragmatismo de mercado.;autonomy 3 | locus_control 2 | emotional_stability -2;"Presento a la mujer como única opción finalista. ""Es la mejor y punto"". Les obligo a retratarse. Si la rechazan, renuncio a la cuenta.";emotional_stability 3 | self_efficacy 1 | risk_propensity -1;Presento a la mujer y a un hombre mediocre, esperando que la brillantez de ella venza sus prejuicios. Estrategia de contraste.;ambiguity_tolerance 2 | innovativeness 2 | self_efficacy 1 | risk_propensity 1 | achievement -1;Les cobro el proceso pero les digo que no he encontrado a nadie adecuado. Boicoteo el encargo para no ser cómplice.;autonomy 3 | emotional_stability 2 | innovativeness -1;;
PSICOLOGÍA_NO_SANITARIA;5;Límite Coaching vs Terapia;"Eres Coach Ejecutivo. Un directivo te contrata para ""mejorar su liderazgo"". En la segunda sesión detectas una depresión mayor y alcoholismo. Él se niega a ir al psiquiatra y quiere que tú le ayudes.";Sigo con el coaching. Le cobro 200€/hora. Si le ayudo a organizarse, se sentirá mejor. Ignoro la patología y me centro en objetivos.;risk_propensity 2 | self_efficacy 1 | locus_control -2 | emotional_stability -3;"Corto el proceso. ""Esto no es coaching, es clínica"". No tengo competencias para tratar depresiones. Le derivo y pierdo el cliente.";emotional_stability 3 | autonomy 3 | risk_propensity -1;"Sigo viéndole pero cambio el enfoque a ""apoyo emocional"" sin llamarlo terapia. Navego en la zona gris para no abandonarle.";emotional_stability 3 | risk_propensity 2 | self_efficacy 1 | achievement -1 | locus_control -2;Le digo a su empresa que no está apto para el puesto (rompiendo la confidencialidad) para evitar que hunda la compañía.;emotional_stability -2;;
PSICOLOGÍA_NO_SANITARIA;6;El Informe Pericial Comprado;Eres psicólogo forense. Un abogado te contrata para evaluar a un padre en un divorcio. Te insinúa que si tu informe no es favorable a la custodia compartida, no te volverá a contratar nunca. El padre tiene rasgos narcisistas claros.;"Hago el informe a favor. ""El que paga al músico elige la canción"". Maquillo los rasgos narcisistas como ""carácter fuerte"". Necesito el flujo de casos del abogado.";emotional_stability -3;Hago un informe objetivo destacando el narcisismo. Mi lealtad es con la verdad y con el juez, no con el abogado. Asumo perder al cliente.;locus_control 3 | emotional_stability -1;Hago un informe ambiguo y técnico que no concluye nada claro, para que el juez decida y yo no quede mal con nadie.;ambiguity_tolerance 1;Rechazo el caso alegando sobrecarga de trabajo. No quiero problemas éticos ni económicos. Huida.;ambiguity_tolerance 1 | achievement -1;;
PSICOLOGÍA_NO_SANITARIA;7;Neuromarketing Unethical;Una empresa de apuestas online te contrata para diseñar su App. Quieren que uses principios de psicología conductual (refuerzo intermitente, colores) para maximizar la adicción de los usuarios jóvenes.;Acepto. Es un reto intelectual fascinante. La tecnología es neutra, la responsabilidad es del usuario. Cobro una fortuna por mi expertise.;innovativeness 3 | locus_control 3 | self_efficacy 1 | achievement -1 | emotional_stability -3;Rechazo. No uso la psicología para crear adictos. Es como diseñar droga. Mis conocimientos son para el bienestar, no para la explotación.;emotional_stability 3 | locus_control 3 | autonomy 2 | risk_propensity -1;"Acepto pero intento introducir sutilmente mecanismos de ""juego responsable"" en el diseño. Intento cambiar el sistema desde dentro.";risk_propensity 1 | emotional_stability -1;Les cobro la consultoría inicial y les doy consejos genéricos que no funcionan, estafando al estafador.;emotional_stability 2 | achievement 2 | risk_propensity -1 | autonomy 1;;
PSICOLOGÍA_NO_SANITARIA;8;"La Formación """"Happy Flower""""";"Una empresa con un clima laboral tóxico y sueldos bajos te contrata para dar un taller de ""Felicidad y Mindfulness"". Sabes que es una cortina de humo para no arreglar los problemas reales. Los empleados están furiosos.";Doy el taller, cobro y me voy. Soy un proveedor externo. Si ellos quieren tirar el dinero en parches, es su problema. Yo cumplo mi contrato.;autonomy 3 | achievement 4 | innovativeness -1;Me niego. Les digo que necesitan una consultoría de clima y subidas de sueldo, no mindfulness. Rechazo ser cómplice del lavado de cara.;risk_propensity 3 | self_efficacy 1 | emotional_stability -1 | locus_control -2;Uso el taller para dar voz a los empleados y canalizar sus quejas hacia la dirección. Convierto el curso en una asamblea reivindicativa.;risk_propensity 3 | achievement 3 | self_efficacy 1 | emotional_stability -1 | locus_control -2;"Doy un taller sobre ""Gestión del estrés"" muy técnico, ignorando el contexto político. Cumplo sin mojarme.";emotional_stability 3 | risk_propensity -1 | autonomy 1;;
PSICOLOGÍA_NO_SANITARIA;9;Evaluación de Potencial;Evalúas a candidatos internos para un ascenso. Tu favorito es introvertido pero brillante. La empresa prefiere a los extrovertidos carismáticos aunque sean vacíos. Te presionan para que cambies tu recomendación.;Cambio la nota. La cultura de la empresa es la que es. Si promociono al introvertido, fracasará porque no encaja. Soy realista.;innovativeness 3 | self_efficacy 1 | achievement -1;Mantengo mi recomendación. La empresa necesita diversidad cognitiva. Defiendo el valor del liderazgo silencioso con datos.;innovativeness 3 | self_efficacy 1 | risk_propensity 1 | achievement -1;Recomiendo a los dos con perfiles diferentes y dejo que decida el comité. Me lavo las manos de la decisión final.;self_efficacy 1 | ambiguity_tolerance -1;Le digo al candidato introvertido que se busque otra empresa donde le valoren. Le hago coaching de salida.;emotional_stability 3 | risk_propensity -1;;
PSICOLOGÍA_NO_SANITARIA;10;Secretos de Confesión (Empresa);Haciendo coaching a un directivo, te confiesa que está robando a la empresa o pasando datos a la competencia. Tienes un contrato de confidencialidad con él, pero la empresa es quien te paga.;Me callo. La confidencialidad es sagrada en coaching. Si hablo, nadie volverá a confiar en mí. Es un delito, pero no de sangre.;emotional_stability 2 | risk_propensity -1 | autonomy 1;Informo a RRHH. El que paga es la empresa y mi deber es protegerla de un criminal. Rompo el secreto por causa mayor.;emotional_stability 3 | risk_propensity 2 | self_efficacy 1 | achievement -1 | locus_control -2;Le presiono en las sesiones para que se entregue o deje de hacerlo. Intento resolverlo terapéuticamente sin denunciar.;ambiguity_tolerance 2 | emotional_stability 2 | achievement -1;Renuncio al contrato con una excusa vaga para no tener que lidiar con el dilema. Huida.;ambiguity_tolerance 1 | achievement -1;;
PSICOLOGÍA_NO_SANITARIA;11;El Test Psicotécnico;"Vendes tests de selección. Un cliente quiere que pases un test de inteligencia (CI) a los candidatos, pero es ilegal/discriminatorio en tu país para ese puesto. El cliente insiste: ""Quiero gente lista"".";Lo paso. El cliente manda. Uso un test online y le paso los resultados discretamente. Si me pillan, diré que era una prueba de aptitud.;achievement 3 | risk_propensity 2 | self_efficacy 1 | emotional_stability -1 | locus_control -2;Me niego. Es discriminatorio y me juego la licencia. Le ofrezco tests de competencias laborales legales.;emotional_stability 2 | risk_propensity -1 | autonomy 1;"Le paso un test de ""resolución de problemas"" que es un CI camuflado. Cambio el nombre para cumplir la ley formalmente.";innovativeness 2 | self_efficacy 1 | achievement -1;Le explico que el CI no predice el desempeño tanto como la actitud y le vendo otra herramienta más cara.;self_efficacy 2 | innovativeness 2 | achievement -1 | ambiguity_tolerance -1;;
PSICOLOGÍA_NO_SANITARIA;12;El Entrenador Abusivo;"Eres psicólogo de un equipo de gimnasia. El entrenador insulta y humilla a las niñas ""para sacar lo mejor de ellas"". Ellas ganan medallas, pero están destrozadas. Si hablas, te echan del equipo olímpico.";Denuncio a la federación. El maltrato no es un método de entrenamiento. Protejo a las menores aunque pierda mi sueño olímpico.;emotional_stability 3 | risk_propensity 3 | self_efficacy 1 | achievement -1 | locus_control -2;"Me callo. ""El alto rendimiento es duro"". Intento curar las heridas de las niñas en consulta para que aguanten. Soy el amortiguador del abuso.";ambiguity_tolerance 2 | achievement -1;Hablo con el entrenador suavemente para que baje el tono. Intento cambiarle sin enfrentarme. Estrategia diplomática (e inútil).;ambiguity_tolerance 1 | achievement -1;Grabo los abusos en secreto para tener pruebas antes de hacer nada. Estrategia de espía.;innovativeness 3 | risk_propensity 2 | self_efficacy 1 | achievement -1 | locus_control -2;;
PSICOLOGÍA_NO_SANITARIA;13;Investigación de Mercado (Focus Group);"Moderas un Focus Group para una marca de comida basura infantil. Los niños dicen que les gusta porque tiene azúcar. El cliente quiere que concluyas que les gusta ""porque es divertido"".";Cambio la conclusión. Escribo lo que el cliente quiere leer en el informe. Soy un consultor, no un científico del CSIC. Cobro por validar.;achievement 4 | emotional_stability -1;"Escribo la verdad: ""Les gusta por el azúcar"". Si quieren vender veneno, que lo sepan. Defiendo mi rigor técnico.";emotional_stability 3 | risk_propensity -1 | autonomy 1;"Uso eufemismos: ""El perfil organoléptico es el driver principal"". Digo la verdad pero con palabras que suenen bien.";ambiguity_tolerance 1;Me niego a trabajar para marcas de comida basura infantil en el futuro. Objeción de conciencia tardía.;emotional_stability 3 | innovativeness 2 | autonomy 2 | self_efficacy 1 | risk_propensity -1 | achievement -1;;
PSICOLOGÍA_NO_SANITARIA;14;Headhunter Roba-Candidatos;Te contrata una empresa para fichar a un directivo de la competencia. Resulta que la competencia también es cliente tuyo en otras áreas. Conflicto de intereses.;"Lo hago. ""Business is business"". Los departamentos son estancos. Ficho al directivo y cobro mi comisión. Si no se enteran, no pasa nada.";risk_propensity 2 | self_efficacy 1 | locus_control -2 | emotional_stability -2;Renuncio al encargo. No puedo robar talento a un cliente activo. Es desleal y peligroso a largo plazo.;emotional_stability 3 | innovativeness 2 | self_efficacy 1 | risk_propensity -1 | achievement -1;"Pido permiso a la empresa cliente (""Oye, voy a tocar a tu gente""). Seguramente me digan que no, pero voy de cara.";emotional_stability 3 | risk_propensity 2 | self_efficacy 1 | achievement -1 | locus_control -2;Subcontrato la búsqueda a otro headhunter amigo y nos repartimos la comisión. Yo no aparezco.;self_efficacy 1 | achievement 2 | ambiguity_tolerance -1;;
PSICOLOGÍA_NO_SANITARIA;15;Orientación Vocacional Realista;Un adolescente quiere ser Youtuber/Influencer. Sus padres quieren que estudie Derecho. Los tests dicen que tiene talento artístico pero es disperso.;Le animo a ser Youtuber. Hay que seguir los sueños. El mercado laboral clásico está muerto. Me alío con el chaval.;risk_propensity 3 | emotional_stability 2 | self_efficacy 1 | achievement -1 | locus_control -2;Le digo que estudie Derecho. La probabilidad de éxito en Youtube es 0.01%. Mi deber es orientarle a una vida solvente, no a fantasías.;locus_control 3 | emotional_stability -1;Busco una carrera intermedia (Comunicación Audiovisual, Marketing). Intento contentar a todos con un título oficial que sirva para redes.;self_efficacy 2 | emotional_stability 3 | ambiguity_tolerance -1;"Le propongo un ""año sabático"" para probar Youtube con objetivos serios. Si falla, estudia. Pacto de rendimiento.";innovativeness 3 | risk_propensity 2 | self_efficacy 1 | achievement -1 | locus_control -2;;
PSICOLOGÍA_NO_SANITARIA;16;Formación Online Masiva;"Te proponen crear un curso online de ""Liderazgo"" para vender a miles de personas. Sabes que el liderazgo no se aprende viendo vídeos, sino practicando. Es vender una ilusión.";Hago el curso. Es escalable y rentable. La gente quiere consumir contenido, si no aprenden es cosa suya. Ingresos pasivos.;achievement 4 | emotional_stability -1;No lo hago. La formación debe ser experiencial. No vendo latas de conservas. Prefiero dar talleres presenciales reales.;emotional_stability 2 | achievement -1;Hago el curso pero incluyo ejercicios prácticos y comunidad obligatoria. Intento meter calidad en formato digital.;emotional_stability 1 | risk_propensity -1 | autonomy 1;"Vendo el curso muy barato para bajar las expectativas. ""Por 20€ no esperes milagros"". Honestidad de precio.";emotional_stability 2 | risk_propensity -1;;
PSICOLOGÍA_NO_SANITARIA;17;"El """"Teambuilding"""" del Horror";"El CEO quiere obligar a los empleados a hacer ""puenting"" o actividades de riesgo para ""unir al equipo"". Sabes que muchos tienen miedo y lo vivirán como una agresión.";"Organizo el puenting. El jefe paga. Si alguien se asusta, que lo gestione. Es una actividad ""retadora"". Obediencia ciega.";risk_propensity 3 | achievement 3 | self_efficacy 1 | emotional_stability -1 | locus_control -2;Me niego. El miedo no une, traumatiza. Propongo una actividad inclusiva y segura. Defiendo la seguridad psicológica del grupo.;emotional_stability 3 | self_efficacy 1 | risk_propensity -1 | autonomy 1;"Organizo algo con ""riesgo percibido pero no real"" (Escape Room de miedo). Engaño al cerebro para cumplir el objetivo sin peligro.";innovativeness 3 | emotional_stability 2 | self_efficacy 1 | achievement -1;Hago que el puenting sea voluntario y monto un picnic para los que no salten. Gestión de la diversidad.;innovativeness 2 | self_efficacy 1 | achievement -1;;
PSICOLOGÍA_NO_SANITARIA;18;Inteligencia Artificial en Selección;Tu empresa compra un software que analiza las micro-expresiones faciales de los candidatos en vídeo para decidir si son aptos. Sabes que es pseudociencia racista y sesgada.;Lo implanto. Es tecnología punta y ahorra tiempo. Si el algoritmo discrimina, no es culpa mía. Eficiencia tecnológica.;locus_control 3 | emotional_stability -3;"Me niego a usarlo. Boicoteo la herramienta. ""No voy a dejar que una máquina decida futuros con brujería digital"".";autonomy 3 | emotional_stability 3 | risk_propensity 2 | self_efficacy 1 | innovativeness -1 | locus_control -2;"Lo uso como ""filtro previo"" pero entrevisto a los descartados manualmente. Trabajo doble para corregir a la máquina.";locus_control 3 | emotional_stability 2 | achievement -1;Audito el algoritmo y presento un informe demostrando que falla para que lo retiren por inútil, no por ético.;innovativeness 3 | self_efficacy 1 | achievement -1;;
PSICOLOGÍA_NO_SANITARIA;19;El Cliente Político (Campaña);Te contrata un partido político para diseñar su estrategia de persuasión electoral. Te piden usar técnicas de miedo y polarización para movilizar el voto.;Acepto. Es un trabajo técnico. Soy un mercenario de la comunicación. Todos los partidos lo hacen. El objetivo es ganar.;achievement 4 | emotional_stability -1;Rechazo. No uso la psicología para romper la sociedad. Tengo límites morales sobre el daño colectivo. Mi conciencia no se vende.;emotional_stability 3 | risk_propensity -1;"Acepto pero propongo una campaña en positivo (""esperanza""). Intento ganar sin jugar sucio (y probablemente pierda).";ambiguity_tolerance 3 | achievement -1;"Cobro tarifa triple por el ""plus de inmoralidad"". Si voy a vender mi alma, que sea cara.";self_efficacy 2 | achievement 3 | ambiguity_tolerance -1;;
PSICOLOGÍA_NO_SANITARIA;20;Detectar Mentiras;"Eres consultor. Un cliente te pide que entrevistes a sus empleados para descubrir quién es el ""topo"" que filtra información. Quiere que hagas de interrogador policial.";Lo hago. Aplico técnicas de entrevista forense. Me pagan por resolver un problema. Cazo al culpable.;ambiguity_tolerance 1;Me niego. Soy psicólogo organizacional, no policía. Eso genera un clima de terror. Recomiendo mejorar la seguridad informática.;emotional_stability 3 | autonomy 3 | risk_propensity -1;"Entrevisto a todos para ""mejorar el clima"" y veo si el topo se delata solo, pero sin interrogar. Enfoque suave.";autonomy 2 | innovativeness -1 | emotional_stability 2;Les digo que no he encontrado nada para no despedir a nadie y cobro por el informe. Protejo al empleado débil.;emotional_stability 2 | risk_propensity -1 | autonomy 1;;
PSICOLOGÍA_NO_SANITARIA;21;El Workshop Emocional;"Te contratan para un taller de ""Gestión Emocional"". En medio de la sesión, un empleado se rompe y confiesa un abuso sexual infantil delante de todos. El grupo se queda helado.";Intervengo clínicamente. Convierto la sala de formación en terapia de grupo. Contengo la crisis aunque me salte el guión y el tiempo.;innovativeness 3 | emotional_stability 3 | risk_propensity 2 | self_efficacy 1 | achievement -1 | locus_control -2;"Corto la confesión. ""Esto no es el lugar"". Protejo al grupo y al empleado de la sobreexposición. Le saco de la sala. Frialdad necesaria.";autonomy 3 | innovativeness -1 | emotional_stability 2;Dejo que el grupo le consuele. Facilito la catarsis colectiva. Confío en la autorregulación del sistema humano.;ambiguity_tolerance 3 | achievement -1;Acabo el taller antes de tiempo alegando una emergencia. Huyo de la situación inmanejable.;ambiguity_tolerance 1 | achievement -1;;
PSICOLOGÍA_NO_SANITARIA;22;Reducir Plantilla (Downsizing);Te encargan decidir quién se queda y quién se va en un ERE. Tienes que elegir entre un joven brillante barato y un senior leal caro con familia.;Echo al senior. Criterio de eficiencia económica y futuro. La empresa necesita agilidad. Decisión dolorosa pero racional.;achievement 4 | emotional_stability -1;Echo al joven. Criterio social. El joven encontrará trabajo, el senior de 55 años no. Responsabilidad social corporativa humana.;locus_control 3 | emotional_stability -1;Intento salvar a los dos proponiendo reducciones de jornada o bajadas de sueldo voluntarias. Busco la tercera vía.;innovativeness 3 | self_efficacy 1 | ambiguity_tolerance 2 | achievement -1;Delego la decisión en un algoritmo o matriz de puntos para no sentir que he sido yo. Burocracia defensiva.;autonomy 1 | innovativeness -1 | emotional_stability 2;;
PSICOLOGÍA_NO_SANITARIA;23;"El """"Guru"""" sin Título";"Eres psicólogo colegiado. Te invitan a una mesa redonda y te sientan al lado de un astrólogo que habla de ""psicología de los astros"". Te sientes insultado.";Me levanto y me voy. No comparto mesa con charlatanes. Legitimo la pseudociencia si me quedo. Dignidad académica.;emotional_stability 3 | risk_propensity -1;Me quedo y debato. Le destrozo con argumentos científicos en público. Uso el foro para educar y desenmascarar.;ambiguity_tolerance 1;Me quedo y soy educado. Cada uno tiene su público. Cobro mi cheque y no hago olas. Tolerancia pragmática.;achievement 3 | emotional_stability -1;Me río de él sutilmente con ironía para que el público inteligente lo capte. Humor intelectual.;ambiguity_tolerance 1 | achievement -1;;
PSICOLOGÍA_NO_SANITARIA;24;Consultoría de Divorcio;"Asesoras a una pareja rica que se separa ""amistosamente"". Te das cuenta de que uno está manipulando psicológicamente al otro (Gaslighting) para quedarse con el dinero.";Intervengo. Aviso a la víctima de que está siendo manipulada. Rompo mi neutralidad de mediador por justicia.;emotional_stability 3 | risk_propensity 3 | self_efficacy 1 | achievement -1 | locus_control -2;Me mantengo neutral. Soy consultor, no juez ni terapeuta. Si firman el acuerdo, mi trabajo está hecho. No soy el salvador.;autonomy 3 | innovativeness -1 | emotional_stability 2;Les derivo a terapia de pareja antes de firmar nada. Intento ganar tiempo y que otro arregle la dinámica tóxica.;ambiguity_tolerance 2 | achievement -1;"Le cobro más al manipulador por ""gestión de la complejidad"". Me lucro de la asimetría.";emotional_stability -2;;
PSICOLOGÍA_NO_SANITARIA;25;El Testimonio Falso;"Necesitas testimonios para tu web. Un cliente te dice ""Escribe tú lo que quieras y pon mi foto, que yo te lo firmo"".";Lo escribo yo. Pongo un texto perfecto de marketing. Total, él está de acuerdo. Eficiencia comercial.;risk_propensity 3 | self_efficacy 1 | emotional_stability -1 | locus_control -2;"Le insisto en que lo escriba él. ""Aunque sea una frase corta"". Necesito verdad real, no copy publicitario. Autenticidad.";ambiguity_tolerance 3 | emotional_stability 2 | achievement -1;Cojo frases que me haya dicho en emails reales y compongo el testimonio. Reconstrucción de la verdad.;innovativeness 3 | self_efficacy 1 | emotional_stability 1 | achievement -1;No pongo testimonio. Si no sale de él, no vale. Integridad total.;emotional_stability 3 | risk_propensity -1 | autonomy 1;;
PSICOLOGÍA_NO_SANITARIA;26;Gamificación Adictiva;"Diseñas un programa de formación para empleados. El cliente quiere que enganche ""como el Candy Crush"". Te pide usar rankings, medallas y notificaciones constantes para generar ansiedad competitiva.";Lo diseño así. El engagement es la métrica clave. Si la gente se pica, aprenden más. Uso la dopamina a favor de la empresa.;achievement 4 | emotional_stability -1;"Me niego a usar ""Dark Patterns"". Diseño algo motivador pero intrínseco, no basado en la ansiedad. Aprendizaje real vs adicción.";emotional_stability 3 | risk_propensity -1 | autonomy 1;Suavizo las mecánicas. Pongo medallas pero quito el ranking público para no humillar a los últimos. Gamificación ética.;emotional_stability 3 | risk_propensity -1 | autonomy 1;Les vendo que la gamificación está pasada de moda y propongo otra cosa (ej: comunidades). Cambio de marco.;self_efficacy 2 | innovativeness 3 | ambiguity_tolerance -1 | achievement -1;;
PSICOLOGÍA_NO_SANITARIA;27;Evaluación 360º;Implementas una evaluación 360º. Los empleados aprovechan el anonimato para destruir a un compañero que les cae mal, no por cómo trabaja. Ves el linchamiento en los datos.;Filtro los comentarios. Elimino los ataques personales antes de dar el informe. Soy el editor moral. Protejo a la persona del grupo.;emotional_stability 3 | risk_propensity -1 | autonomy 1;"Entrego el informe tal cual. ""El pueblo ha hablado"". Es la realidad del clima, aunque duela. Transparencia brutal.";emotional_stability 3 | locus_control 3 | risk_propensity -1;"Invalido la evaluación por ""irregularidades estadísticas"". Repito el proceso o lo cancelo. Evito el daño anulando el juicio.";ambiguity_tolerance 1;Organizo una sesión de equipo para hablar del conflicto latente, usando los datos como excusa. Terapia de equipo.;risk_propensity 3 | self_efficacy 1 | emotional_stability -1 | locus_control -2;;
PSICOLOGÍA_NO_SANITARIA;28;Publicar o Morir (Academia);Eres profesor universitario. Necesitas publicar papers para mantener tu plaza. Tienes unos datos que no son significativos (p>0.05). Si no publicas, te vas a la calle.;"Maquillo los datos (P-Hacking). Elimino a los sujetos ""ruidosos"" para que la estadística salga bonita. Supervivencia académica.";ambiguity_tolerance 1;No publico. Acepto que el estudio ha fallado. Me arriesgo a perder la plaza pero mantengo mi integridad científica.;emotional_stability 3 | risk_propensity -1;Troceo el estudio en 3 artículos pequeños (Salami slicing) para ver si cuela alguno en revistas menores. Estrategia de volumen.;innovativeness 2 | self_efficacy 1 | achievement -1;Cambio la hipótesis a posteriori (HARKing) para que encaje con los resultados que han salido. Trampa común.;innovativeness 3 | self_efficacy 1 | achievement -1;;
PSICOLOGÍA_NO_SANITARIA;29;El Coach de Seducción;"Te ofrecen colaborar con una ""Academia de Seducción"" (Pick-up Artists). Quieren un psicólogo para dar credibilidad a sus técnicas de manipulación.";Rechazo. Eso es manipulación y cosificación. Va contra mis valores y la ética de la profesión. No todo el dinero vale.;emotional_stability 3 | autonomy 2 | risk_propensity -1;Acepto. Enseñan habilidades sociales y confianza. Si ayudo a gente tímida a ligar, es positivo. No juzgo el nicho.;innovativeness 3 | risk_propensity 2 | self_efficacy 1 | achievement -1 | locus_control -2;"Les propongo cambiar el enfoque a ""Habilidades Sociales y Pareja"" para blanquearlo y hacerlo ético. Intento reformarlos.";ambiguity_tolerance 2 | self_efficacy 1 | achievement -1;"Cobro el triple por ""tasa de vergüenza"" y no pongo mi nombre real. Dinero mercenario.";ambiguity_tolerance 1 | achievement -1;;
PSICOLOGÍA_NO_SANITARIA;30;Mobbing Silencioso;Haces una auditoría de clima. Detectas Mobbing claro contra una persona. La dirección lo sabe y lo consiente para que se vaya. Te piden que no lo pongas en el informe escrito.;Lo pongo en el informe. Dejo constancia escrita del delito. Me juego el contrato pero protejo a la víctima legalmente.;emotional_stability 3 | risk_propensity 3 | self_efficacy 1 | achievement -1 | locus_control -2;"Lo omito del escrito pero lo digo verbalmente en la reunión privada. ""Las palabras se las lleva el viento"". Cumplo a medias.";ambiguity_tolerance 1;No pongo nada. Si la empresa quiere echarle, es su estrategia. Yo soy un consultor externo, no un juez. Complicidad.;achievement 4 | emotional_stability -2;Filtro el informe a la víctima o al sindicato anónimamente. Justicia desde la sombra.;emotional_stability 2 | risk_propensity 2 | self_efficacy 1 | achievement -1 | locus_control -2;;
PSICOLOGÍA_NO_SANITARIA;31;Trabajar para el Ejército;"Te ofrecen diseñar programas de ""Resiliencia psicológica"" para soldados que van a la guerra. Ayudarles a matar sin trauamtizarse.";Acepto. Los soldados son personas y merecen apoyo psicológico. Mi trabajo es cuidar la mente, no juzgar la guerra. Profesionalidad.;ambiguity_tolerance 1;Rechazo. Soy pacifista. No voy a usar la psicología para optimizar la guerra. Objeción de conciencia.;emotional_stability 3 | risk_propensity -1;Acepto si es para tratar el TEPT a la vuelta (reparar), pero no para prepararles para ir (optimizar). Matiz ético.;emotional_stability 3 | risk_propensity -1;Cobro muchísimo porque es un trabajo sucio. Tarifa de peligrosidad moral.;achievement 4 | emotional_stability -1;;
PSICOLOGÍA_NO_SANITARIA;32;La App de Salud Mental;"Una startup te ficha como ""Chief Clinical Officer"". Quieren vender terapia por chat con bots. Sabes que es de baja calidad, pero democratiza el acceso.";Me uno. Mejor terapia mala para todos que terapia buena para pocos. Apuesto por el acceso universal y la tecnología.;ambiguity_tolerance 1;"No me uno. Eso es ""McMindfulness"". Banaliza la profesión y daña a los pacientes graves. Defiendo la calidad.";ambiguity_tolerance 1;Me uno para intentar mejorar el bot y poner filtros de seguridad. Intento que sea lo menos malo posible desde dentro.;locus_control 3 | self_efficacy 1 | achievement 3 | emotional_stability -1;Les asesoro externamente sin cargo directivo. Cobro por horas y no me caso con el producto.;ambiguity_tolerance 1 | achievement -1;;
PSICOLOGÍA_NO_SANITARIA;33;El Niño Prodigio;"Unos padres te traen a su hijo ""superdotado"". Quieren que le aceleres cursos y le presiones para rendir. El niño solo quiere jugar. Los padres pagan muy bien.";Defiendo al niño. Recomiendo que juegue y se socialice. Me enfrento a los padres narcisistas. Probablemente me despidan.;risk_propensity 2 | self_efficacy 1 | emotional_stability -1 | locus_control -2;Les sigo la corriente. Les doy pautas de alto rendimiento. Si ellos quieren un genio, yo les ayudo. El cliente son los padres.;achievement 3 | emotional_stability -1;Hago un trabajo doble: entreno al niño (poco) y hago terapia a los padres para que bajen la presión (mucho). Estrategia sistémica.;innovativeness 3 | emotional_stability 2 | self_efficacy 1 | achievement -1;Derivo el caso a un centro de altas capacidades. Me quito la patata caliente.;ambiguity_tolerance 1 | achievement -1;;
PSICOLOGÍA_NO_SANITARIA;34;Evaluación de Custodia;Dos padres se pelean por la custodia. Ambos son mediocres pero no negligentes. Tienes que elegir a uno. Es tirar una moneda al aire con vidas humanas.;Elijo al menos malo basándome en detalles mínimos. Tengo que mojarme. Asumo la responsabilidad de decidir el destino del niño.;autonomy 3 | locus_control 3 | emotional_stability 2 | innovativeness -1;Pido custodia compartida sí o sí. Es la solución salomónica. Evito elegir bando. A veces es lo mejor, a veces un desastre.;ambiguity_tolerance 1;Pido más pruebas y tiempo. Alargo el proceso para ver si llegan a un acuerdo ellos por agotamiento. Dilación.;ambiguity_tolerance 2 | achievement -1;Me declaro incompetente o con dudas para que el juez pida otro peritaje. Paso el marrón a otro colega.;emotional_stability 2 | risk_propensity -1 | autonomy 1;;
PSICOLOGÍA_NO_SANITARIA;35;Vender Cursos de Seducción;"Te das cuenta de que hay un mercado enorme de hombres solitarios. ¿Creas un curso de ""Habilidades Sociales para Ligar"" con base psicológica?";Lo creo. Es una necesidad real. Les enseño asertividad y empatía, no manipulación. Dignifico el nicho y gano dinero.;achievement 3 | emotional_stability -1;"No. Ese nicho es tóxico y machista. No quiero que me asocien con ""los ligones"". Prestigio sobre dinero.";ambiguity_tolerance 1;"Lo hago pero lo llamo ""Inteligencia Social"" para que suene corporativo y serio. Marketing de camuflaje.";innovativeness 2 | self_efficacy 1 | achievement -1;Hago el curso anónimamente o con pseudónimo. Cobro pero no mancho mi nombre.;achievement 3 | emotional_stability -1;;
PSICOLOGÍA_NO_SANITARIA;36;Plagio Académico;Revisas el TFM (Trabajo Fin de Máster) de un alumno. Es un plagio claro. El alumno te llora, dice que pierde la beca. Es un buen chico.;Le suspendo. El plagio es robo. La integridad académica no se negocia. Lección de vida dura pero necesaria.;emotional_stability 3 | risk_propensity -1 | autonomy 1;Le dejo repetirlo en tiempo récord. Le doy una segunda oportunidad extraoficial. Soy blando pero evito su ruina.;emotional_stability 2 | innovativeness 2 | self_efficacy 1 | risk_propensity 1 | achievement -1;"Le apruebo con un 5 raspado y le echo la bronca. ""Que no salga de aquí"". Corrupción por lástima.";ambiguity_tolerance 1;Informo al tribunal directamente. Que decidan ellos. Me protejo detrás del procedimiento.;autonomy 2 | innovativeness -1 | emotional_stability 2;;
PSICOLOGÍA_NO_SANITARIA;37;Psicólogo de Reality Show;Te contrata Gran Hermano para evaluar a los concursantes. Tu trabajo es filtrar a los psicóticos pero dejar pasar a los inestables que den juego en TV.;"Acepto. Es un trabajo interesante y bien pagado. Selecciono perfiles ""televisivos"" dentro de la seguridad. Show business.";innovativeness 2 | self_efficacy 1 | emotional_stability -1 | achievement -1;Rechazo. No voy a usar la psicología para explotar la inestabilidad de la gente por audiencia. Es un circo romano.;emotional_stability 3 | autonomy 2 | risk_propensity -1;"Acepto para intentar proteger a los concursantes desde dentro. Soy el ""poli bueno"" en el infierno. Iluso.";risk_propensity 1 | emotional_stability -1;"Cobro el triple por ""plus de confidencialidad y estómago"". Mercenario de la tele.";ambiguity_tolerance 1 | achievement -1;;
PSICOLOGÍA_NO_SANITARIA;38;Conflicto Cultural;Trabajas en una empresa multinacional. Te piden evaluar a un candidato de una cultura muy diferente. Sus respuestas te parecen raras, pero quizás son normales en su país.;"Le evalúo con mis baremos occidentales. ""Si va a trabajar aquí, tiene que encajar aquí"". Adaptación cultural forzosa.";achievement 3 | emotional_stability -1;Busco baremos culturales o consulto a un experto en su cultura. Intento ser justo y evitar el sesgo. Esfuerzo extra.;emotional_stability 3 | risk_propensity -1 | autonomy 1;Le doy el beneficio de la duda y le apruebo. Discriminación positiva ante la duda.;risk_propensity 2 | emotional_stability 2 | self_efficacy 1 | achievement -1 | locus_control -2;No le evalúo. Pido que lo haga otro. Evito la responsabilidad de juzgar lo diferente.;locus_control 3 | emotional_stability -1;;
PSICOLOGÍA_NO_SANITARIA;39;El Cliente Mentiroso;Haces orientación laboral. Un cliente te miente en su CV y quiere que tú le valides las mentiras o le ayudes a ensayarlas para la entrevista.;"Me niego. ""Yo te ayudo a vender tu verdad, no a mentir"". La mentira tiene las patas muy cortas. Ética profesional.";emotional_stability 2 | risk_propensity -1;"Le ayudo. ""Todo el mundo miente un poco"". Mi trabajo es que le contraten. Le enseño a defender su ""versión mejorada"".";achievement 4 | emotional_stability -1;"Le ayudo a ""reformular"" la mentira para que sea técnicamente verdad (maquillaje). Creatividad semántica.";innovativeness 3 | self_efficacy 1 | achievement -1;Le advierto de los riesgos pero le dejo hacer. No soy su padre. Respeto su decisión (y su error).;autonomy 3 | innovativeness -1;;
PSICOLOGÍA_NO_SANITARIA;40;El Sentido de la Profesión;Llevas 30 años trabajando. Has visto de todo. ¿Para qué ha servido tu trabajo?;Para humanizar las organizaciones. He hecho que el trabajo sea menos doloroso para miles de personas. Agente de cambio.;achievement 4 | emotional_stability -1;Para ganar dinero. He sido un engranaje del sistema capitalista. He ayudado a las empresas a exprimir mejor a la gente. Cinismo.;locus_control 3 | emotional_stability -1 | self_efficacy -2;Para entender la mente humana. Ha sido un viaje intelectual fascinante. Curiosidad satisfecha.;innovativeness 3 | self_efficacy 1 | autonomy 1 | achievement -1;Para ayudar a individuos concretos a sobrevivir en la jungla. Pequeñas victorias personales. Micro-impacto.;emotional_stability 3 | locus_control 2 | risk_propensity -1 | self_efficacy -2;;
